ESC signal (µs),Thrust (gf),Current (A),Motor Efficiency (%),Burst Current Cutoff (A),Voltage (V),Electrical Power (W),Torque (N·m),Motor Electrical Speed (RPM),Mechanical Power (W),Propeller Mech. Efficiency (gf/W),Overall Efficiency (gf/W),AccX (g),AccY (g),AccZ (g)
1000,0.04643308344952382,0.18918396409762198,2.1220266810836934,0.18849605808779699,16.45929297851522,2.979988909275187,0.0004257541871687638,2031.942857142857,0.07331836841714211,0.5124943244304618,0.0403800657121357,-0.0017857142857142857,0.022488839285714286,-0.9483816964285714
1005,0.06322054105741297,0.17926537391364364,,0.18308499779236112,16.458975778569098,2.8383028957314806,0.0004927592965695847,,,,,,0.01953125,-0.947265625
1011,0.1377998733301205,0.18200540238045476,,0.18311775788411205,16.45937127201357,2.8544012212489305,0.0005416296535626263,,,,,,0.017578125,-0.943359375
1015,-0.32281648526908385,0.1830548126310777,,0.1831523964988064,16.459368509615008,2.8535588675953187,0.0004916664588573608,,,,,,0.015625,-0.94140625
1019,-0.32281648526908385,0.18178028064776447,,0.18305997387175785,16.45935146140513,2.8227660852345213,0.00046447422215422415,,,,,,0.015625,-0.94140625
1022,-0.6705177407892081,0.1817269107996159,,0.18301200244912014,16.459294799513565,2.8280799732718562,0.0004975148197167632,,,,,,0.021484375,-0.947265625
1026,-0.7188411469659997,0.2140284747445368,,0.18525891088568405,16.45839196527275,3.373171118163892,0.0004975148197167632,,,,,-0.009765625,0.05078125,-0.97265625
1037,0.015017178759729268,0.20732868676500252,,0.1872544308631133,16.459084113634525,3.268606040710709,1.3477459767859241e-06,,,,,-0.00390625,0.044921875,-0.966796875
1045,-0.37055583095704575,0.2052596126116745,,0.18853024961257456,16.458817433456602,3.2313788845860665,2.95884949486864e-05,,,,,-0.005859375,0.048828125,-0.970703125
1049,-0.37055583095704575,0.2174142107781227,,0.18994491612342387,16.45800647094717,3.420184590248292,-0.0004179849681645552,,,,,-0.01171875,0.048828125,-0.96875
1053,-0.5078330115647729,0.22405874337573686,,0.19135783078977747,16.457069078138368,3.533868994846719,-0.0009351924348034103,,,,,-0.009765625,0.060546875,-0.97265625
1057,-0.3420296221353985,0.231509451289422,,0.19317729592380065,16.45740592245531,3.64902020505772,-0.0009351924348034103,,,,,-0.021484375,0.06640625,-0.97265625
1061,1.4958879179042477,0.2286534270229475,,0.1943001979662496,16.45811934732332,3.592637780719646,-0.001073738289009976,,,,,-0.01171875,0.056640625,-0.98046875
1065,2.5535075914553507,0.2356598755945856,,0.19627484037613965,16.458163335879192,3.7129368076363503,-0.0011978279393459292,,,,,-0.01953125,0.046875,-0.974609375
1069,2.5535075914553507,0.2402086864334557,,0.19802417173437825,16.457564282485983,3.7902761180283036,-0.0011654200807430081,,,,,-0.01171875,0.0625,-0.98828125
1073,3.2900898255901563,0.2505148259941474,,0.2005367157809847,16.457848576558405,3.9625726400896766,-0.0012023384951592461,,,,,-0.01953125,0.0703125,-0.98828125
1077,3.847796728338261,0.2545629548338354,,0.20254904717485,16.45808244719064,4.04502339626692,-0.0011882627520117446,,,,,-0.01171875,0.056640625,-0.990234375
1081,4.39813247904837,0.2607900176844471,0.006064724750588745,0.2049737485720801,16.45726757947151,4.1438997244445135,-0.0011882627520117446,2.0,0.00025131611222796533,,1.0613510875044003,-0.009765625,0.056640625,-0.98046875
1085,5.08103753982058,0.2652464930908374,3.97142609410582,0.2071629213142188,16.456267493572188,4.198902922346239,-0.0011934318449251225,1334.0,0.16675632632423035,30.469833749763318,1.210086928368762,-0.015625,0.03515625,-0.978515625
1089,5.08103753982058,0.28033722835603225,8.307630034010415,0.2102735833298741,16.456041292496938,4.460279468937327,-0.0013362156458711794,2648.0,0.3705435167622377,13.71239087980284,1.139174703111406,-0.009765625,0.046875,-0.984375
1093,5.8910270565546705,0.2925181818430139,10.72109551960232,0.21391548055816745,16.45592962633895,4.681523881015886,-0.001460067822518342,3283.0,0.501910647056707,11.737202809106956,1.2583567244938036,-0.0078125,0.064453125,-0.98828125
1098,7.068847607801564,0.3010778108781628,11.619581203438699,0.2179957276212441,16.455402579828938,4.795634255346736,-0.0015220684338864796,3496.0,0.5572326165199367,12.685631454864154,1.4740172480669025,-0.015625,0.05859375,-0.978515625
1103,8.45754588278455,0.31416919516242897,13.662623601903508,0.22310530891347224,16.454864700153934,5.010148646851077,-0.0017623015332317042,3709.0,0.6845177515151244,12.355480722106126,1.6880828252671094,-0.021484375,0.068359375,-0.982421875
1107,9.149685369379027,0.32373977760367345,14.955129017796548,0.22707850911914945,16.455017991363288,5.171653390485993,-0.00186976938222463,3950.0,0.7734274369004298,11.830050154474867,1.7691992634717562,-0.03515625,0.056640625,-0.978515625
1111,10.545956025886447,0.33933330762809305,14.961832190056784,0.23144973897443755,16.45468873967845,5.405376332071606,-0.00186976938222463,4130.0,0.8087433360456002,13.03992942612862,1.9510123584391983,-0.052734375,0.05859375,-0.986328125
1114,12.251071287644287,0.35281232752054337,20.734228039702852,0.2361282840744492,16.45430351523442,5.631604470021556,-0.002560382247844659,4355.0,1.1676697131083684,10.491897794481284,2.1754140144003036,-0.015625,0.06640625,-0.98046875
1118,12.251071287644287,0.3672779750488601,22.880129495880603,0.24106172444700705,16.454677437217203,5.881768873105937,-0.0028417066248446225,4522.0,1.3457563348150356,9.103484019139398,2.0828889322158903,-0.041015625,0.05859375,-0.97265625
1123,13.995443575384385,0.3701426204404926,24.08846364904905,0.2467034291939649,16.45423118037567,5.948161579793581,-0.002914239725427775,4695.0,1.4328207399352786,9.767756136763184,2.352902386331958,-0.013671875,0.060546875,-0.978515625
1127,15.987105684303696,0.3824926788753675,24.91115493155421,0.2527986180353229,16.453127613218058,6.152773587622773,-0.0029931596065403965,4890.0,1.532726961000456,10.43049811942268,2.598357546662233,-0.02734375,0.068359375,-0.970703125
1133,17.560683225127526,0.402052560617191,25.86129391244541,0.26170287304278483,16.453002821526233,6.481047426447666,-0.0031332175938887023,5108.0,1.67608272355861,10.47721748950624,2.7095440088073426,-0.017578125,0.0546875,-0.982421875
1137,19.47146982191094,0.4139594187819935,26.403625998171925,0.2673925445654676,16.452698189504627,6.699672505895243,-0.0032066565857861947,5268.0,1.7689564715589328,11.007319928427222,2.906331586324169,-0.015625,0.060546875,-0.982421875
1141,20.523643380966337,0.4366380938874324,25.970089666785466,0.2739614802263473,16.452989117660767,7.031759852874173,-0.0032066565857861947,5438.0,1.8261543389444441,11.238723334211409,2.918706527296643,-0.0078125,0.0703125,-0.98828125
1144,21.517508719335225,0.4568376182654534,30.343284101426807,0.2810266057534813,16.452452833550186,7.4007243342263695,-0.0037957303310087523,5650.0,2.245622810297736,9.581978157980293,2.9074868550126234,-0.009765625,0.044921875,-0.974609375
1148,21.517508719335225,0.4666519171440772,32.305606204513104,0.2877742938710717,16.452182867489412,7.555952810126537,-0.003992988504892323,5838.0,2.4409963598383206,8.815051539347822,2.8477558370265776,-0.03125,0.0546875,-0.966796875
1152,26.62381130396303,0.4819669075014607,36.52145677137674,0.2950356115049793,16.451662480897866,7.806941267952339,-0.004545922908118323,5989.0,2.8512086803419843,9.337728061619703,3.410274317453156,0.021484375,0.048828125,-1.001953125
1155,27.85348140270659,0.4988174182165219,35.94953316138976,0.3025123171963051,16.450884140117093,8.113029163638593,-0.004545922908118323,6127.0,2.9165961095754778,9.549996076337349,3.433179006374316,0.02734375,0.0234375,-0.978515625
1160,30.548813461391692,0.5214424552503937,38.9455069599299,0.31227931162245554,16.450197190908824,8.490087632254237,-0.005005417508644112,6308.0,3.3065076697237217,9.238996703716774,3.5981741042737103,-0.033203125,0.072265625,-0.998046875
1165,32.01943700892864,0.5337903908602497,40.02417977350665,0.3249424239523877,16.449304952232588,8.737112557106254,-0.005151277117514413,6483.0,3.496957636869832,9.15636971730364,3.664761876380533,0.001953125,0.056640625,-0.986328125
1170,33.852412895055906,0.5488707641734935,42.377058457400175,0.3341555003578985,16.44896757952223,8.982847365470164,-0.0054472310432427656,6673.0,3.8066664792043214,8.892928518952312,3.768561517051232,0.001953125,0.060546875,-0.990234375
1174,33.852412895055906,0.5656801487805249,44.53514953835352,0.3423532633472871,16.44803459362649,9.187372636697276,-0.005754462830474712,6790.0,4.0916101423989035,8.273616428961214,3.684667448867661,-0.044921875,0.0859375,-0.98046875
1178,36.30193313189237,0.6063710813121692,46.559913292084744,0.3532817738001664,16.447103610938914,9.844638810414716,-0.0062061951138864075,7053.0,4.583655294048016,7.919865435568701,3.687482479650576,-0.064453125,0.091796875,-0.99609375
1181,37.39833301973785,0.6340606189323682,45.238194700537406,0.3635698548581812,16.44591573409704,10.331113304893774,-0.0062061951138864075,7191.0,4.673609151600972,8.002024090295793,3.619971237951919,-0.013671875,0.01953125,-0.9609375
1192,44.389221981443065,0.6548048805641475,48.205235138550215,0.3919650946579508,16.44548893074923,10.653994861555368,-0.006576286056991909,7458.0,5.135783274661822,8.643126005811835,4.166439214422779,-0.03125,0.0546875,-0.978515625
1197,46.69561930619874,0.6719503007730779,48.910277676296175,0.4092884234854285,16.444721933187317,10.897558451043462,-0.006769198079437707,7519.0,5.330026098342038,8.760861287475482,4.284961582539394,,0.033203125,-0.9765625
1204,49.292681785423724,0.7427519656636816,49.812995795913714,0.428832842980407,16.442856639908594,12.084889640282448,-0.007268315707599875,7909.0,6.0198455684547065,8.188363177242959,4.078869005234181,,0.048828125,-0.974609375
1208,49.292681785423724,0.7719239053170363,52.6495225428254,0.4424925636966262,16.441774034260572,12.526950409928027,-0.0077499996322318125,8127.0,6.595379580003617,7.4738202991186595,3.9349307031947403,-0.033203125,0.068359375,-0.982421875
1212,51.68283830070125,0.8163497245508872,55.32849876962408,0.4568249884986866,16.440815071427632,13.240434557600114,-0.008425854117092,8302.0,7.3257336712946595,7.054970958501617,3.903409519971903,-0.01171875,0.0546875,-0.978515625
1216,54.29255175539176,0.852786646649295,54.211383500786006,0.4718453027431267,16.440133441555755,13.898372337724574,-0.008425854117092,8539.0,7.534499928371027,7.205860013476689,3.9063964064356367,-0.02734375,0.05859375,-0.986328125
1219,58.782097863777615,0.8812483613293611,57.29333736684501,0.4862711024844286,16.43920035889445,14.402899268595085,-0.009108195070782022,8652.0,8.251901668563034,7.123460776043612,4.081268414613543,-0.0390625,0.068359375,-0.990234375
1223,58.782097863777615,0.9102339789303012,60.08345502041511,0.5019624655941501,16.438038457877944,14.786247004781494,-0.00955827307231318,8876.0,8.884088068325365,6.616559562635891,3.9754575887153103,0.0078125,0.03125,-0.99609375
1226,62.47764082702526,0.924051809733918,61.401671948557826,0.5169477459354967,16.4386055449691,15.075571725370212,-0.009800699216058584,9019.0,9.256653095181353,6.749484957964843,4.144296612106829,-0.0625,0.15234375,-1.013671875
1230,64.97193196280686,0.9664392406911524,59.80079482116331,0.5351988615999752,16.43815392378044,15.725908352003056,-0.009800699216058584,9163.0,9.404218187345533,6.9088073743582585,4.1315217225293805,-0.03515625,0.06640625,-1.009765625
1234,69.0095539578949,1.001519662878886,64.71253999030137,0.5535229153877336,16.43586785515239,16.267991752979285,-0.010739480826353318,9361.0,10.527430668765648,6.555213340197313,4.242045054224755,-0.037109375,0.1171875,-0.984375
1239,73.92548742118811,1.030675575841181,66.31294933312284,0.5740665951252597,16.434539300874995,16.78808598484448,-0.01116246034165644,9524.0,11.132674953131016,6.64040652695037,4.403449415729981,-0.021484375,0.05078125,-0.9921875
1242,73.92548742118811,1.059039504192801,67.68971786493427,0.5916394649336177,16.43295999948015,17.300119990305546,-0.011586533678172476,9651.0,11.710402411732915,6.312805044779716,4.273119924174727,-0.015625,0.03125,-0.962890625
1248,79.21290409492985,1.1084732337062604,68.10540172580713,0.6185214152458017,16.432091484735714,18.024993020691348,-0.011964886986731049,9798.0,12.27599390779054,6.4526672699519745,4.3946149662304625,0.001953125,0.060546875,-0.98828125
1253,82.91666674192392,1.1440537701691282,67.10865244964079,0.6519455674654459,16.431612564248127,18.630536259764906,-0.012120351367673024,9851.0,12.502701828069933,6.631899879093888,4.4505786406692645,0.001953125,0.09375,-1.0078125
1259,85.09292690904955,1.1738574566141364,68.4732171416776,0.6726967029948574,16.4302109294106,19.152508157583576,-0.012390117449059976,10107.0,13.114338498819716,6.488541295217283,4.442912970401549,-0.00390625,0.052734375,-0.990234375
1262,87.58910474930065,1.21363936742127,70.78141597294292,0.6923557741162927,16.428370953629383,19.826306196311737,-0.013055047132697329,10265.0,14.033340260880774,6.241500820261828,4.417822658544169,-0.03125,0.06640625,-0.986328125
1266,90.27679002672359,1.2744370105410685,72.40880226084677,0.7159545233874913,16.427297846286358,20.803475644744164,-0.013687975923259887,10509.0,15.063547542986214,5.993063039705921,4.339505165788551,0.03125,0.033203125,-0.96484375
1270,91.9130651809754,1.305505640535659,71.49633734220116,0.7367296445118138,16.426531802354212,21.333173729917746,-0.013687975923259887,10641.0,15.252437855739824,6.026122909026407,4.308457163693188,0.00390625,0.0390625,-1.001953125
1274,95.22690036137315,1.3440129051030651,73.83576587539272,0.7638606090305561,16.424894650671256,21.980023937572266,-0.014359273079658131,10793.0,16.229119013901133,5.867656788997978,4.332429329096135,0.015625,0.05859375,-1.009765625
1279,99.92537582897268,1.3865268493973506,74.87030858040472,0.7900823902734609,16.423772493206982,22.721320283941328,-0.014781102154571213,10990.0,17.011522610128964,5.873981895628517,4.397868371214177,-0.06640625,0.14453125,-0.99609375
1285,105.94736868677374,1.4206460622111583,77.59809198244363,0.8277272158733363,16.422697636370376,23.18807056820147,-0.015481100609709834,11099.0,17.993500328466915,5.888091074706456,4.569046328160769,0.001953125,0.091796875,-1.01171875
1289,108.454579291003,1.4501052540708037,78.59894239984287,0.8515948263215316,16.420892055786716,23.686687989769826,-0.015824902948549394,11234.0,18.61748624950969,5.825414765318237,4.578714395944424,-0.0078125,0.07421875,-0.94140625
1293,108.454579291003,1.5138672285204424,77.82718380491512,0.876008869195828,16.418839429192982,24.71834631866132,-0.01615918901894011,11368.0,19.23759282296001,5.637637738208221,4.387614684770572,-0.087890625,0.060546875,-0.951171875
1297,111.2169126738044,1.5449830521270933,81.67163670632699,0.900220537327649,16.417772999359713,25.1703114609448,-0.016961827568530492,11573.0,20.55700533423383,5.410170930324833,4.4185751474062105,-0.009765625,0.03125,-0.951171875
1300,113.70267017003458,1.5999217225419191,79.61514877675106,0.9255860095597982,16.416263869542057,26.0962667095952,-0.016961827568530492,11697.0,20.77658156602197,5.472636093128233,4.357047367554219,0.064453125,0.0859375,-1.013671875
1304,119.5833684063425,1.6634335027136955,82.36288436028269,0.9547055164153936,16.413763038218306,27.10337074433142,-0.0179057220378309,11905.0,22.32311790389237,5.356929480961588,4.412121633666284,0.08984375,0.025390625,-1.029296875
1308,119.5833684063425,1.714002214362064,83.41853437586151,0.9844808228321617,16.413091499723926,27.97879933085108,-0.01848653197333169,12056.0,23.33950433775932,5.123646444062529,4.274070770237906,-0.01953125,0.103515625,-0.978515625
1313,124.711620436382,1.7679010369170485,84.04645589371573,1.0253504337077672,16.41177921096783,28.86180010213406,-0.0189977173840235,12193.0,24.257320092972503,5.141195315821872,4.320992453522009,-0.029296875,0.068359375,-0.978515625
1319,129.36777242046864,1.8074156882278647,84.87179479364052,1.064504812117426,16.409466249868785,29.4663594394052,-0.019380575450234645,12322.0,25.008628116568502,5.172925592618214,4.390354793794644,-0.01171875,0.1015625,-0.9921875
1323,129.36777242046864,1.8490001245947176,85.28855004704988,1.0954396247161995,16.408338172439965,30.24143928565553,-0.019694373598160463,12506.0,25.79248508009452,5.01571570241244,4.277831197069772,,0.060546875,-0.9921875
1327,135.319250214818,1.9278902225117311,86.62134653768663,1.1267916746896784,16.405645780143175,31.51948914585403,-0.02054966817776507,12687.0,27.302605919938735,4.956275991076591,4.2931930015946165,0.009765625,0.07421875,-1.001953125
1330,138.04424687961674,1.9850275774578077,85.30025412778791,1.1585748937050089,16.402915967720993,32.490609038687126,-0.02054966817776507,12879.0,27.71457207766614,4.9809265137764855,4.2487429741697085,0.05078125,0.01953125,-0.98828125
1334,142.82002780814165,2.0639306162833764,87.40599354417574,1.1926417727583314,16.401676153907815,33.86166890071178,-0.021681442274438342,13036.0,29.597128133306303,4.825469118654898,4.217749226327694,-0.001953125,0.064453125,-1.005859375
1338,142.82002780814165,2.1388352562898003,88.07171182548525,1.2310298401318225,16.400368181866842,34.96778620271378,-0.022278446117989875,13201.0,30.79672789620588,4.6375065652912095,4.0843314180712325,-0.12109375,,-0.912109375
1343,152.5743033128847,2.1948235921003687,88.10634977784086,1.275294132582066,16.39925509269401,35.857105177782714,-0.02293373467222456,13155.0,31.592386508145534,4.829464316459479,4.255064723055799,-0.0859375,0.044921875,-0.962890625
1355,162.81760413249862,2.2425509266536032,89.60188614602288,1.378050248383488,16.394584376790473,36.6012302400212,-0.02358476901157091,13279.0,32.79539264770749,4.96464872006587,4.448418893703403,-0.01171875,0.044921875,-0.962890625
1359,166.42082851499515,2.2748701909743283,91.80936555019217,1.4119025550080535,16.392700279235612,37.08948631019611,-0.023993174032691474,13553.0,34.05162206721642,4.8873098669569295,4.4870081813250975,0.02734375,0.04296875,-0.99609375
1362,166.42082851499515,2.4230555215064022,89.4653923859928,1.4592969808661742,16.38787679061484,39.66663597096242,-0.024596173538377147,13778.0,35.487911517744884,4.689507536440413,4.195486318447118,-0.001953125,0.0859375,-0.97265625
1367,171.71307961858204,2.484151136739082,92.67033385316915,1.4986499442389547,16.385984877645,40.66633009250892,-0.02563619853672753,14038.0,37.685623862559794,4.5564611121955405,4.222487724561431,0.142578125,-0.04296875,-1.0234375
1371,173.33559884107422,2.4893269641748583,93.05332262980276,1.5323842162559935,16.38437739042125,40.74342114933485,-0.02563619853672753,14122.0,37.91310713250984,4.571917522751436,4.254321162814379,-0.048828125,0.103515625,-0.98828125
1375,178.86170361469584,2.59007724014253,93.8513192523475,1.576340529883648,16.38184895812733,42.374976110043114,-0.026565666555458296,14296.0,39.76947411214253,4.497462126613469,4.220927538701422,-0.06640625,0.04296875,-0.921875
1378,183.72842316077083,2.6561617304296883,94.05733328104414,1.6150198316603346,16.379992108317893,43.365044199219,-0.02700249649941386,14424.0,40.78800414993151,4.504472013031297,4.236786253848203,-0.03125,0.107421875,-0.974609375
1382,183.72842316077083,2.7276604291370137,93.46600467554168,1.6560763319207925,16.37778932192966,44.55708188127469,-0.027304024979598503,14565.0,41.64572423443713,4.411699557114306,4.12343931432331,-0.015625,0.05078125,-0.953125
1386,189.32684605617084,2.8108042586894517,91.9196220877811,1.6979484088618533,16.37583780373765,45.712073985578535,-0.027304024979598503,14695.0,42.01836565603069,4.5058117587445405,4.141725140624784,-0.083984375,0.150390625,-0.9609375
1390,193.45004585294947,2.835412712255693,92.72091942578744,1.7381597885328786,16.373063207463506,46.25325932147015,-0.027643859717485317,14815.0,42.886447307260866,4.510750085381812,4.182408952165507,0.017578125,0.078125,-1.021484375
1393,193.45004585294947,2.8952003569357503,91.7934554935658,1.7788966126189034,16.370483603637027,47.25201933700327,-0.027738364879591103,14932.0,43.37426133992321,4.460019372707824,4.09400589789097,-0.05859375,0.060546875,-0.978515625
1398,200.63957828574345,3.006510025594332,90.1832318179842,1.834605592637472,16.368207112076902,49.06337703625943,-0.027970370136150446,15106.0,44.246939050341474,4.534541430255051,4.089396009929449,-0.16015625,0.01953125,-0.939453125
1402,204.83901567875267,3.0581469030441117,90.7596819535656,1.8882731850758852,16.3660343107543,49.74071516581891,-0.02834514405701291,15209.0,45.144514885926206,4.537406508771927,4.118135716301784,0.109375,0.06640625,-1.0234375
1408,209.5152458028436,3.1417316126704544,90.74115177407623,1.956970779264933,16.36396808473942,51.2464924444449,-0.028873991489201226,15379.0,46.501657487904254,4.50554361115712,4.0883821664472775,-0.076171875,0.072265625,-0.943359375
1412,213.5190793787121,3.215833600092793,90.40926682518186,2.00850954892852,16.36103409573721,52.53926669331626,-0.029254686679386074,15505.0,47.50036581275421,4.495103894997385,4.063990474497328,-0.08984375,-0.005859375,-0.970703125
1417,217.5984091857341,3.3136127910106272,89.77095373571264,2.0631234236818536,16.358984628796243,54.12145861503751,-0.029655573530581576,15645.0,48.58534957439819,4.478683617425211,4.020556998167727,-0.046875,0.18359375,-1.0234375
1421,221.62236931472611,3.430489842463227,88.5823884802729,2.1230112153509664,16.35540051694387,56.183502784715614,-0.03007746018604362,15801.0,49.76868869858173,4.453048193754032,3.9446164502049728,-0.01171875,0.140625,-0.99609375
1425,226.54835685365106,3.510092137730928,87.46350761573498,2.1832969309316157,16.353173044963828,57.48075800325657,-0.03007746018604362,15962.0,50.2746871537605,4.506211170658782,3.9412903504302417,-0.009765625,0.03125,-0.96484375
1430,232.40687254012607,3.5635506690571024,89.34922274463608,2.2395844128850864,16.349077930326487,58.385064115133225,-0.03096346041280476,16088.0,52.16660098582897,4.4550894278747295,3.980587776384524,-0.087890625,0.021484375,-0.982421875
1434,237.29949402321319,3.6226065439110267,89.55838999880855,2.2932376488294017,16.34682282125057,59.23069338405664,-0.03126645602963425,16201.0,53.04605537989193,4.473461642412074,4.006360224158511,0.01171875,-0.01953125,-0.96875
1438,237.29949402321319,3.7560152241522515,88.41151359638529,2.354001511517493,16.343377431164836,61.259151740136005,-0.031645123358573675,16343.0,54.16014326976064,4.3814414013137455,3.873698660240156,0.015625,0.046875,-1.0
1443,245.1056180291511,3.8171222519144865,89.90474434520065,2.4224285376783845,16.34060085811628,62.298618162946475,-0.032643207566548586,16385.0,56.009413389989774,4.376150421760307,3.9343668488450247,-0.064453125,0.048828125,-0.958984375
1449,250.2469129424346,3.934601911981991,89.94749234947922,2.5072061872997646,16.337725035279743,64.01145269145397,-0.03312347642122228,16599.0,57.576696512436065,4.34632287193454,3.9094084327169867,0.056640625,0.017578125,-1.029296875
1453,250.2469129424346,4.048291766413992,89.38225910880101,2.568409505573273,16.333870318686966,66.02350460542762,-0.033613850277961266,16765.0,59.013299959134464,4.240517190459195,3.7902700627294847,-0.06640625,0.08203125,-0.9609375
1456,256.2654944788599,4.128435099514176,89.35342258099614,2.6231964532436733,16.331548179511095,67.29455498650803,-0.034053987400081684,16861.0,60.12998809109529,4.261858394028361,3.808116340619816,-0.021484375,0.111328125,-1.001953125
1460,261.09602748136405,4.247860149299056,87.82471607534491,2.6865066044308303,16.329130713425542,69.19094018905048,-0.034053987400081684,17040.0,60.76674677089529,4.296692539190167,3.773558023174293,-0.017578125,0.11328125,-0.9453125
1464,265.80594763967537,4.311047694994206,88.99643303000177,2.7444724851514826,16.32706321788151,70.25798855236025,-0.0348488525388106,17134.0,62.5271037302276,4.2510516525200295,3.783284337005772,-0.03515625,0.0625,-0.994140625
1468,265.80594763967537,4.388179843279634,88.73634147655285,2.807478669805299,16.324452951981563,71.52314053366585,-0.035147080605366504,17244.0,63.467018218708496,4.188095724360379,3.716362923333336,-0.0390625,0.01171875,-0.927734375
1472,272.6653695203234,4.489762881515016,89.1231512843524,2.8697772767512517,16.321721470302638,72.75531873897849,-0.03569405391912965,17347.0,64.84183278715261,4.205084245773321,3.7477035939950265,-0.001953125,0.044921875,-0.96484375
1476,276.78445526555356,4.526036073657042,89.52442067606859,2.9419454335102926,16.3191232112948,73.48252888703605,-0.036027921673185734,17436.0,65.78480828424378,4.207422085500654,3.766670247441424,0.001953125,0.029296875,-1.01171875
1483,281.10389143739707,4.632693714869126,88.36941256379234,3.04243126133081,16.314260955952403,75.78377800582018,-0.03642235522090355,17558.0,66.96967944239178,4.1974800204801115,3.7092884365808256,-0.01953125,0.041015625,-0.984375
1487,284.7453336178122,4.7816454869991,87.75034392970329,3.1125466186800144,16.31027951153555,77.82106760795281,-0.036810587606559315,17715.0,68.28825447574553,4.169755630801012,3.6589749070560567,-0.029296875,0.1015625,-1.005859375
1490,287.7173186631338,4.865950226169627,86.01255678639247,3.1748362124587817,16.30659486244581,79.88221621668896,-0.036810587606559315,17824.0,68.70873658560839,4.187492493107471,3.6017693585599853,-0.044921875,0.126953125,-1.03125
1494,293.87430569594466,4.90636498211876,87.41832586003315,3.239066091325605,16.305092726385592,80.43148031242602,-0.03736767284573478,17968.0,70.311853553565,4.179584107707603,3.653722454869992,0.009765625,0.095703125,-0.98046875
1498,293.87430569594466,4.991086679880594,88.4124751777448,3.3018816641620146,16.30173359182456,81.47746628541735,-0.03807254471724141,18068.0,72.03624465505,4.0795339499328405,3.606816940852044,,0.009765625,-0.978515625
1502,301.96699985264627,5.052436237788157,89.57352230883026,3.3795278175241434,16.298630850922347,82.28541406985303,-0.038752206328896005,18163.0,73.70594372877315,4.096915181818166,3.6697512343597483,-0.072265625,0.341796875,-0.974609375
1507,306.4808389904356,5.198185672979324,89.1309899778059,3.4599849123719735,16.29484190839336,84.51900924604209,-0.03926010183271888,18323.0,75.33262966043063,4.0683677228835435,3.626176427343623,-0.03125,0.0625,-1.0234375
1519,316.3079507276583,5.331407965815883,88.6360643959931,3.666621875135221,16.291334667991322,86.85477925369915,-0.03982474287289215,18460.0,76.98465807030642,4.1087141081900915,3.641802482782624,0.10546875,0.0390625,-1.0
1523,320.2594846384302,5.386271748490858,88.52181430617792,3.732649013512069,16.288034037842177,87.96546989709002,-0.04001344189124281,18584.0,77.86862991585886,4.112817767366491,3.640740906779657,0.078125,0.041015625,-0.92578125
1528,325.29097195480625,5.607198436119419,87.72271072481102,3.8217404390930314,16.280435234420715,91.44254441351319,-0.04081787775687419,18766.0,80.21587871527299,4.055194272812614,3.5573263412685128,-0.115234375,0.044921875,-0.9765625
1532,325.29097195480625,5.769644566439662,88.82362495986696,3.8986442573331215,16.27651663735707,93.97002211825793,-0.041851043987209915,19045.0,83.46758002102544,3.8972134075633393,3.4616462210197123,0.150390625,-0.03515625,-1.00390625
1536,335.7233823128887,5.861362895461947,89.7697803408014,3.967778263969892,16.271524122581607,95.27938696062824,-0.04264472459040276,19153.0,85.53209638461814,3.925115792827268,3.5235678253431435,0.099609375,-0.080078125,-1.02734375
1540,341.84363223449685,5.982083396741098,88.48774619594538,4.0449197195266535,16.268610877153126,97.28001399605527,-0.04264472459040276,19276.0,86.08089188420954,3.971190641174152,3.5140170955193195,0.03515625,0.0625,-0.921875
1543,347.0047780697272,6.1122170930347375,88.2698165589291,4.119091676111366,16.265544549154423,99.50380371478623,-0.04333998167140885,19352.0,87.83182500819868,3.95078638110202,3.4873518912339065,-0.001953125,-0.01953125,-0.978515625
1547,347.0047780697272,6.266662165947298,87.76435536901552,4.198762298617493,16.26212021084156,101.57750507497286,-0.04372202601091043,19471.0,89.14884252897896,3.892420453545753,3.41615771930614,0.052734375,-0.017578125,-1.00390625
1550,354.71950530866104,6.292050414756126,88.19414060403471,4.26824828235588,16.257014583510585,102.3179352238009,-0.04411337074609248,19534.0,90.23842365442414,3.930914248536634,3.4668360393784337,0.01953125,0.09765625,-0.998046875
1554,358.61483701500504,6.441523915496027,86.7672629241167,4.348789800991527,16.256045912003387,104.59935498218937,-0.04411337074609248,19647.0,90.7579973543264,3.9513304333385,3.428461266095456,0.015625,0.017578125,-0.970703125
1558,363.4378216598651,6.513162301743376,87.6816494217573,4.425080276688791,16.2536797382288,105.5912339198627,-0.04481685735971079,19727.0,92.58413554572171,3.9254870126252377,3.4419317605066744,-0.009765625,0.07421875,-0.978515625
1563,363.4378216598651,6.645971376078472,87.42444148532302,4.525819540303533,16.24536679927492,107.81498451785723,-0.04538389135674032,19833.0,94.25664805222416,3.855832232210268,3.3709397936208894,-0.0390625,0.099609375,-0.97265625
1567,370.68637515650215,6.7411910805863835,87.63045508401827,4.627547476740764,16.24198282979911,109.56501174854894,-0.04602053010670744,19923.0,96.01231840811155,3.860820999872709,3.3832550121678002,-0.056640625,0.083984375,-0.966796875
1573,378.0299500087917,6.871371467757291,88.09531415098238,4.748295366232288,16.236377171911894,111.69220867299065,-0.046713161389189684,20114.0,98.39560211264187,3.841939496198503,3.3845686686667404,-0.00390625,0.080078125,-0.9921875
1577,378.0299500087917,6.933658948266598,88.70340879465954,4.829849541809835,16.231803919936162,112.32141705482492,-0.04708131905829302,20208.0,99.6329257340958,3.7942271314775255,3.3656088030323943,0.04296875,0.01171875,-0.974609375
1581,385.9142524463871,6.987750643798001,89.42844115730722,4.906305783563407,16.22969032702476,112.96234257053317,-0.047520254126264656,20300.0,101.02046205560505,3.820159248865512,3.4163088659871232,-0.09765625,0.11328125,-0.982421875
1585,390.41957311997635,7.100593362453829,88.53659927254793,4.9967403293774995,16.224735534664006,114.76475292504135,-0.047520254126264656,20419.0,101.60880940337358,3.842379173739375,3.4019118515854694,-0.03125,0.013671875,-0.9296875
1589,395.0070612362005,7.285833522079301,88.20129364797864,5.0907175654064085,16.217723711366553,117.56227524538515,-0.04824559104882265,20524.0,103.69144760842708,3.8094468767364176,3.3599814261140386,-0.02734375,0.123046875,-1.03125
1601,409.44875030228604,7.648921875754151,86.82078576490504,5.401062419728878,16.21013993121899,123.62036963902064,-0.049746804060062384,20603.0,107.3281762860778,3.8149232053558895,3.312146303217685,-0.04296875,0.07421875,-0.958984375
1607,414.3802900796149,7.712170890558996,87.99232580908063,5.497799958438798,16.20589054426943,125.07014254576413,-0.05030975724382461,20889.0,110.05212731875031,3.7653092236865287,3.3131831598256154,0.02734375,0.05859375,-1.01171875
1611,417.79935438081907,7.905735539169981,87.56033066609028,5.588432267930704,16.200962443705887,127.83000850427635,-0.05079612498878678,21042.0,111.9283781368357,3.7327383933862346,3.268398080149093,0.04296875,0.080078125,-0.962890625
1615,422.4737359601886,8.06282904369107,86.57893577361865,5.682684332427153,16.193114332663484,130.35989228461202,-0.05079612498878678,21218.0,112.86420741565266,3.7432038520796582,3.2408260589676665,-0.0078125,0.021484375,-0.99609375
1618,426.4642071503125,8.127039249358187,88.48619772762486,5.767269389133866,16.189727337816098,131.63848860446265,-0.052115422790415984,21343.0,116.4818933122017,3.6612060039861967,3.2396619839028977,-0.08984375,0.09765625,-0.986328125
1622,426.4642071503125,8.330623555456892,87.85290438124949,5.863231287067463,16.185183984380494,134.7552893500456,-0.052735957995273884,21437.0,118.38643550137164,3.6023063397780186,3.164730744204871,0.009765625,0.072265625,-0.98046875
1626,438.61773994426096,8.408193162488597,88.27145553973135,5.952498926484361,16.182017117095214,135.9008784462402,-0.05322688306146675,21522.0,119.96168349577728,3.656315309710543,3.2274827430035318,0.041015625,0.044921875,-1.013671875
1631,444.31701129269914,8.594987662909851,88.18304676709757,6.07635127872375,16.17732766527699,138.4469099396203,-0.05397471684763616,21600.0,122.08670333965685,3.6393562864628,3.2092952561127963,0.037109375,0.05078125,-0.994140625
1635,447.1719549030399,8.67951293353479,88.70002274671933,6.186576345149008,16.1709703899978,140.2716001473606,-0.05456322182575685,21775.0,124.42094123789605,3.5940248518779128,3.1879008611384547,0.0234375,0.05078125,-0.998046875
1641,455.30181476790904,8.923905284307702,87.86651043898209,6.353217872360008,16.16373992252896,143.93479131247577,-0.055116743924760174,21912.0,126.47047843390358,3.6000639865204622,3.1632505985260364,-0.0234375,0.1015625,-0.986328125
1645,461.7302975675715,8.955195451495985,88.33119427172853,6.449051704875424,16.160629742251643,144.56578289102092,-0.05533635009375406,22036.0,127.69668253591296,3.6158362801454618,3.1939113691629304,0.01171875,0.013671875,-0.93359375
1649,464.65032645403954,9.124224191862123,86.97049864868988,6.541515970678071,16.15544426675689,147.27677960038662,-0.05533635009375406,22104.0,128.08734961218823,3.627605129318917,3.154946269974113,-0.0625,0.076171875,-0.958984375
1653,471.17692954329607,9.286817101190193,86.87399194910995,6.648465100877759,16.150199016686916,150.45110386894763,-0.0560357085683227,22274.0,130.70287986245665,3.604946807898438,3.1317611996633854,-0.09375,0.015625,-0.96875
1656,471.17692954329607,9.425219253450127,86.79647287461695,6.7460904540206625,16.14451676441619,152.26340244262732,-0.056442458350962274,22360.0,132.15926279908385,3.5652206252058662,3.094485752877058,0.00390625,0.16015625,-0.990234375
1660,480.12762499818314,9.62161925807728,87.77120439545666,6.857613210875367,16.138063783559232,155.24869511953145,-0.05772942600973314,22540.0,136.2636495146433,3.5235194911360934,3.0926354944788157,-0.056640625,0.123046875,-0.97265625
1664,485.30151341861085,9.67788709329449,87.51128652269628,6.96805093069004,16.133304340587873,156.2219049879459,-0.05772942600973314,22614.0,136.71179888521564,3.5498144079434866,3.106488257559379,-0.05078125,0.1484375,-1.00390625
1670,491.8655923694915,10.006048598586613,85.74201647650214,7.135465569981832,16.126589419888766,160.5533490408925,-0.0585815443345172,22440.0,137.66167898821806,3.573003002611848,3.063564823205367,-0.017578125,0.064453125,-0.984375
1683,501.9736820907624,10.061654677904828,87.48111130567987,7.463787134692409,16.12050667195259,161.9519726226144,-0.05937084750106345,22788.0,141.67738543173348,3.543075562561364,3.0995218765286494,-0.005859375,0.046875,-0.994140625
1687,501.9736820907624,10.468348463508908,85.094467206141,7.587677214911666,16.11317163296208,168.3416480317529,-0.0595493315711817,22971.0,143.24942847865728,3.5041932622129197,2.9818745863535754,-0.0390625,-0.0234375,-0.9140625
1691,506.8394100035736,10.730852040710516,85.50908769768823,7.729434522985143,16.10230931660827,172.49988720418258,-0.06067075247532184,23216.0,147.50307982783775,3.4361276428610514,2.9382013995385634,-0.056640625,0.099609375,-1.0390625
1695,510.37066958005516,10.913579850441463,86.09177575640497,7.846170056604722,16.096759376452376,175.0262407437135,-0.06153920840498234,23382.0,150.6831986959433,3.3870443021979417,2.915966585418344,-0.125,0.056640625,-0.921875
1699,519.7673323432497,11.089935184287613,85.00108750523168,7.961965019705487,16.09237577302516,178.04936447297283,-0.06153920840498234,23485.0,151.34389609818052,3.4343461860269784,2.91923160681738,0.064453125,0.03125,-0.98046875
1703,528.6610148539895,11.282569361569506,86.00692425759847,8.093302492762914,16.085964477746973,180.63064106644515,-0.06273368208630307,23648.0,155.35485864803204,3.4029255309723547,2.9267515839658733,0.013671875,0.099609375,-1.01953125
1706,528.6610148539895,11.37648831850462,86.35748475691099,8.207215741484868,16.078081945513972,182.53258701696117,-0.06349854181771583,23705.0,157.6305510095676,3.3537979247557272,2.896255531648525,-0.189453125,0.111328125,-0.888671875
1710,539.6943850273292,11.452024215236126,86.72795269136766,8.32817747772187,16.075271188897272,184.07698943437288,-0.06400818225707898,23817.0,159.64620431233675,3.3805650898624213,2.9318948918367713,0.376953125,0.109375,-1.21875
1714,543.9231028929927,11.51529030943305,86.82137782350884,8.437535548564036,16.072310174443032,184.30445511717167,-0.06400818225707898,23873.0,160.01566732283894,3.3991865421252965,2.951220590664469,-0.197265625,0.083984375,-0.826171875
1718,547.7303939628492,11.658090330589516,86.31421108893923,8.560769700583247,16.066306063383546,187.36392548104538,-0.06444213672818327,23965.0,161.72169414423232,3.3868702455859334,2.923350333083517,0.1953125,0.111328125,-1.01953125
1722,547.7303939628492,11.90321245694092,85.74479846037646,8.698386137973202,16.058595303541242,190.9842459968085,-0.06491241012086478,24091.0,163.75905682103306,3.344733443118484,2.867934949838754,0.001953125,-0.009765625,-1.005859375
1726,555.7103376555091,12.049463362846932,85.8645697910451,8.834322056972338,16.052638831706425,193.0869607284812,-0.06540588452466525,24206.0,165.7932881521145,3.3518265054593015,2.8780314090548496,-0.189453125,0.154296875,-0.9296875
1731,562.8745295871274,12.273963010527035,85.27968914015987,9.030261350005032,16.044288522484365,196.72137269260884,-0.0659010145283558,24310.0,167.76337510451216,3.35516932248455,2.8612779683408323,-0.068359375,0.103515625,-0.994140625
1737,565.3077566220442,12.414000441290154,85.2860430609471,9.164386086083764,16.03918526039717,198.69825675739918,-0.06629441495693192,24410.0,169.4618808194667,3.3358992234028437,2.8450564481411487,-0.0390625,0.017578125,-0.958984375
1740,571.6281274808333,12.556247206177574,84.74809177752192,9.284105994506486,16.03244522187817,201.25278386491144,-0.06653216916453253,24480.0,170.55789397465298,3.3515196169447545,2.8403489209099932,-0.08203125,0.056640625,-1.099609375
1744,577.3086385870728,12.651070973877687,84.55404773282505,9.408522861936065,16.027370107163133,202.6876973861797,-0.06653216916453253,24598.0,171.38065239647437,3.3685753351639662,2.848266796810712,-0.19140625,0.046875,-0.92578125
1748,584.2490049077802,12.899435473775213,84.56048391516191,9.533819124747053,16.020805059925625,206.5100351652375,-0.06756309941044772,24681.0,174.62588506909583,3.3457182174143587,2.8291555150833103,-0.015625,0.001953125,-0.962890625
1751,584.2490049077802,13.07519335877831,84.15225405803615,9.662733314006584,16.013976734163943,209.541736983604,-0.06795878812941,24778.0,176.33409486406438,3.313307079712387,2.7882225914424668,-0.01953125,0.123046875,-0.955078125
1755,594.1336483426578,13.241089804881609,84.76922060614632,9.802901264722813,16.00760487158084,212.05243990959426,-0.06884895265674806,24932.0,179.75520058767984,3.3052376031415864,2.8018241553643946,0.0078125,0.10546875,-1.009765625
1760,599.0797517924084,13.324984543502305,85.19534846249816,9.945959036069544,16.00351850557013,213.4342210233263,-0.06945005574755271,25002.0,181.83602833904132,3.2946152490495315,2.80685894192635,-0.052734375,0.037109375,-1.013671875
1765,606.4117522429337,13.497133833675113,84.30914469293394,10.109744346927636,15.996470889118461,216.1054074642568,-0.06945005574755271,25052.0,182.19662066829468,3.3283369912055654,2.8060924497839435,-0.09765625,0.009765625,-0.966796875
1772,613.4058944809713,13.768927337835194,84.50691790491399,10.357554748483116,15.984930846896605,220.415715779532,-0.07059659571969328,25195.0,186.2665279833376,3.2931622289960933,2.7829499013333643,-0.095703125,0.06640625,-0.953125
1776,617.3960767565153,13.855469212904437,84.98680563861174,10.496329669995408,15.978917133020325,221.272003668431,-0.07096904102341572,25303.0,188.0520076903513,3.2831134553645764,2.7902132512058033,0.037109375,0.009765625,-1.015625
1781,620.493413584428,14.379501715884068,83.51258611201222,10.678664494808153,15.970133065489067,228.94466261761104,-0.07179648169229533,25430.0,191.19760851738826,3.245299030651829,2.7102331475654062,-0.1015625,0.1015625,-0.95703125
1785,625.9612335918857,14.44124175593143,84.36270527646991,10.824459925355852,15.964444535164573,230.1026509461253,-0.07244392880246113,25588.0,194.120821251024,3.224596050840084,2.7203564627269072,0.00390625,0.1796875,-1.03125
1788,631.0422828802288,14.589468734878785,83.6542571156478,10.956319875385963,15.953956026381633,233.07423956648262,-0.07244392880246113,25701.0,194.97652363728625,3.236503919077731,2.7074733100233024,0.01171875,0.06640625,-0.96875
1792,636.42023679906,14.698707277031234,84.73444354828999,11.115127461419007,15.9487738861245,234.29586476208985,-0.0734794129830801,25801.0,198.52929726281087,3.2056741527502317,2.716310155304268,0.01953125,0.044921875,-1.03125
1797,636.42023679906,14.878631671327126,84.40646364822601,11.257540318626043,15.944165671955874,237.28998303596833,-0.07389755529007347,25882.0,200.28808327213628,3.177524226113545,2.6820358308281045,-0.05859375,0.125,-0.958984375
1802,648.0877597817245,15.150528179475096,83.74974239806224,11.452155044499026,15.939338307507342,241.82184202110818,-0.0745433177525321,25944.0,202.5251697549271,3.2000356329337563,2.6800215992282204,-0.095703125,0.056640625,-0.9609375
1807,654.5358028828,15.270559416173937,84.51383874828944,11.648431266854773,15.929383280021751,243.1982748526101,-0.07530588335330089,26063.0,205.53619784755662,3.1845281256407216,2.691366964997924,-0.06640625,0.126953125,-0.97265625
1811,654.5358028828,15.591619944804616,83.78330918157073,11.804825653899991,15.92311787289789,247.63501209381354,-0.0756983971612793,26173.0,207.47680782437993,3.1547420154875154,2.6431472567168206,-0.1015625,0.048828125,-1.013671875
1815,660.1765288743617,15.831189233001172,83.842284856551,11.9568948925402,15.911762071846994,251.37148736432798,-0.07647736760885235,26316.0,210.7555984841489,3.1324270084527033,2.6262983753504536,-0.046875,0.09765625,-0.994140625
1819,666.7717869923657,16.101295391177466,82.77514791840333,12.127011717729836,15.903606951677766,255.81856224254042,-0.07647736760885235,26441.0,211.7541932989956,3.1488008648352395,2.6064245735233333,-0.01171875,0.166015625,-0.958984375
1823,675.2329184826417,16.261193885874633,83.36197800890952,12.275323131365845,15.895090898392393,258.78296660449763,-0.07762546523988223,26538.0,215.72659971164487,3.1300401498248465,2.6092633813670267,0.044921875,0.029296875,-1.015625
1827,683.790267890153,16.488833374570287,83.37842098372552,12.445896846497915,15.88635114266095,261.92946572792357,-0.0782702605499567,26645.0,218.3926526150512,3.1310131531550778,2.610589327893459,-0.0390625,0.17578125,-0.998046875
1832,693.3810770256613,16.681219824346016,83.48959503339971,12.65192114879964,15.876829323956619,264.761425060152,-0.07904982951349464,26703.0,221.04824158737893,3.1367862148388643,2.6188901078324758,-0.037109375,0.0234375,-1.046875
1844,706.6803124409953,16.960998713804127,83.49489213468655,13.10905882392841,15.866002684475644,269.00755645166265,-0.08021118375813595,26740.0,224.60756909347177,3.1462889487348766,2.626990563991748,-0.025390625,0.265625,-0.97265625
1848,710.7265750685143,17.109269268056806,83.80954911091021,13.258882465452961,15.859954643254802,271.0850751867483,-0.0804834152013576,26957.0,227.1951792209857,3.1282643298395545,2.6217842298359684,0.05859375,0.24609375,-1.021484375
1853,714.2909197692069,17.51290716818146,83.02821535524018,13.45652916142666,15.847173915534684,277.35681835054424,-0.08107789644293904,27123.0,230.28441644253223,3.1017770581426167,2.575350135674086,-0.029296875,0.078125,-0.962890625
1857,714.2909197692069,17.731983807031085,83.29807970058592,13.61971863477624,15.839231401212075,280.7309340382029,-0.08174133140277477,27318.0,233.8434771793415,3.0545685019103437,2.544396905230271,-0.048828125,0.08984375,-1.052734375
1860,724.6267856322082,17.917087770400194,83.37849433258576,13.77107386467109,15.831418358378825,283.5136363992587,-0.08237714877626523,27403.0,236.38940125726367,3.065394564131044,2.5558798329253936,-0.2265625,0.06640625,-0.95703125
1864,730.6934140360939,18.13998015572001,83.62021251979981,13.940959915310144,15.823767761081172,286.88595612436063,-0.08317615630497001,27542.0,239.89464620065,3.045892960132739,2.5469821663886174,-0.197265625,0.09375,-0.92578125
1868,736.822590514047,18.326681305070647,82.87892793095774,14.098918979478329,15.81799236686352,289.73726455357604,-0.08317615630497001,27569.0,240.1311386784866,3.0684175095699873,2.543071536377397,0.1328125,0.015625,-1.009765625
1872,742.2687329006973,18.58619281985179,81.97049322316252,14.26347449679129,15.81027533507844,293.7377098020355,-0.08345853749240592,27550.0,240.77824950715032,3.0827898052255525,2.526978008376757,0.046875,-0.013671875,-0.958984375
1875,742.2687329006973,18.80043552118701,81.25261893549316,14.423858291415074,15.801946707004989,296.9223179420171,-0.08356350456339562,27570.0,241.2571595318606,3.076670281375309,2.4998751796274448,-0.28125,0.03515625,-0.83203125
1879,746.6500675964337,19.041271415832924,80.63643339913585,14.60472641033236,15.793732772074963,300.55539090212415,-0.08379232871125854,27620.0,242.3571476123037,3.0807841854569213,2.4842344878770795,-0.033203125,0.103515625,-1.009765625
1883,749.2319448566693,19.21931185368607,79.96151982807858,14.767468780197227,15.786830161154112,303.2478809280685,-0.08379232871125854,27634.0,242.4816144365256,3.0898505298957244,2.4706914441205607,-0.095703125,,-1.009765625
1888,752.6724410569542,19.484325845190234,79.58288481253987,14.983761256230158,15.776671776102686,307.14937939806657,-0.08436221697927898,27669.0,244.4383368087944,3.079191467604008,2.450509398820853,-0.087890625,0.087890625,-0.953125
1893,755.4795912260362,19.65067406908469,79.65609027307728,15.192640690355336,15.77031440518241,309.65278430841636,-0.08495192965628147,27726.0,246.65730140180943,3.0628713884911343,2.4397635981647534,-0.015625,0.099609375,-0.974609375
1898,761.6214265470163,19.894674115667183,79.84941062864472,15.438116701730314,15.759548488952346,313.3247548547287,-0.08581875492074982,27839.0,250.18797010514675,3.0441968341920225,2.4307732304781915,0.041015625,-0.01953125,-0.96875
1902,765.7666808030151,20.108351701737405,80.26108032921185,15.630664520049846,15.751814592804244,316.51962988091134,-0.08663289959459053,28002.0,254.0420743964423,3.0143301365426862,2.4193339322781666,0.044921875,-0.021484375,-1.046875
1906,765.7666808030151,20.24856765112085,80.79751995645924,15.794247214513558,15.74560525715703,318.6397455485936,-0.08741592328656328,28124.0,257.45301199883585,2.9743939480749906,2.403236543779606,0.140625,0.064453125,-1.0
1910,775.6934013787863,20.407159944278227,81.38445754866025,15.972881134617035,15.738408664508405,321.01666083953535,-0.08831481917401633,28249.0,261.2576680650784,2.9690741983717155,2.4163649305620534,-0.20703125,0.21875,-0.955078125
1914,782.2181786715297,20.546203747691766,81.08507300999624,16.132266161243802,15.73290052363174,323.07598412456144,-0.08831481917401633,28326.0,261.9663976051645,2.9859485255452047,2.4211585419792354,0.048828125,0.056640625,-1.046875
1918,788.5264847259327,20.723979577381467,81.95799316802452,16.308598100088993,15.72578126279546,325.73484002508394,-0.08962543921197387,28444.0,266.96573793363393,2.953661735132304,2.420761883086288,-0.12890625,-0.083984375,-0.9375
1922,788.5264847259327,20.892327629214442,82.00360407373485,16.468873730488255,15.719031339125008,328.3230982708378,-0.0901861966588862,28508.0,269.23677358863733,2.9287473409212303,2.401678373769083,-0.23046875,0.08984375,-0.865234375
1926,798.7354239951101,21.073038886254785,82.0881271502796,16.651912258402277,15.712085813904928,331.0191957418885,-0.09065438010917164,28623.0,271.7274582924344,2.939472620891729,2.4129580225852587,-0.189453125,-0.103515625,-1.02734375
1931,803.3188680865773,21.261362779107536,81.71068685139896,16.869010653033786,15.704219918146094,333.740834123902,-0.09094964594935692,28632.0,272.7019278662284,2.94577627071503,2.4070140239067768,0.078125,0.861328125,-0.712890625
1937,811.0994986152431,21.43337400765417,82.00416943664041,17.140291719824567,15.696006255815911,336.3824585165853,-0.09160956840112942,28754.0,275.8476412370773,2.940389466365397,2.4112419600954067,-0.171875,0.48046875,-0.630859375
1941,811.0994986152431,21.637399189371976,81.8585665237822,17.321911448637582,15.688991620070816,339.381365139209,-0.09188099840405747,28873.0,277.81272055179954,2.919590928033152,2.3899352820463275,0.298828125,-0.041015625,-1.251953125
1945,819.0699638827623,21.863372710089887,81.76688063565251,17.4869937713033,15.680496492279936,342.69613073908124,-0.09233117978458603,28981.0,280.21193616442423,2.9230373805423624,2.3900764858835766,-0.05859375,0.203125,-0.92578125
1949,822.3479942477002,22.119777197171594,81.69220006208108,17.675908699424536,15.670749614969587,346.4771337373455,-0.09284445747262488,29112.0,283.0447932620765,2.9053634400766826,2.373455313998005,0.3359375,-0.0390625,-1.16796875
1953,826.9542867466873,22.30452940598554,81.26706470329795,17.852378573398322,15.66378092154398,349.23118762612944,-0.09284445747262488,29191.0,283.8099352122225,2.9137608805989177,2.367927940135707,-0.08203125,0.150390625,-0.880859375
1958,834.1366578791864,22.48240557096723,81.40814400310649,18.05170427691387,15.6566751212886,351.8702745749465,-0.09351519446392476,29251.0,286.4510598300986,2.91196918026393,2.37058006359534,0.11328125,0.01171875,-1.044921875
1962,839.7043708698268,22.69766771101603,81.11570099522612,18.24198806052156,15.648272428599947,355.00105928650663,-0.09376152974323597,29328.0,287.9615977807281,2.916029002968757,2.36535736698221,-0.078125,0.19140625,-1.021484375
1973,851.1125985405886,23.129121263722663,81.2503819183091,18.778092356069862,15.629467613628158,361.31892776781984,-0.09517655187382608,29455.0,293.573008754493,2.8991513973014817,2.3555715826974493,-0.05859375,0.015625,-0.943359375
1978,854.795199662792,23.328815749605926,80.15671384236197,18.95723192684348,15.621551364306557,364.2379351881568,-0.09563925324018424,29151.0,291.9611594140987,2.927770260188637,2.3468044294211827,-0.017578125,0.072265625,-0.982421875
1982,858.4288077356096,23.563406622129303,80.5505949499993,19.122439590378004,15.61306198748541,367.6840795636603,-0.09586071606496427,29504.0,296.17171362495714,2.8984159129478515,2.3346912620049483,-0.05859375,0.029296875,-0.953125
1986,858.4288077356096,23.797008671148053,80.57259646812943,19.310034865600148,15.604188129361546,371.1101528545072,-0.0960999911166812,29712.0,299.0130859117204,2.8708737114905034,2.3131374906688538,-0.005859375,0.072265625,-1.072265625
1990,864.6124125891325,24.01145672870037,80.71822177066215,19.48872611855008,15.59690094742058,374.22420892514907,-0.09673268420517828,29820.0,302.06712687970787,2.8623187882786296,2.3104128273060742,-0.041015625,0.0234375,-0.91015625
1994,869.6685398906277,24.241195283143192,80.62430829288796,19.691390418513237,15.587738581150553,377.677663234309,-0.0972964614641532,29886.0,304.5000035594045,2.8560542848104267,2.302674011597796,-0.076171875,0.05859375,-1.02734375
2000,884.5423691214612,24.799974886577626,79.23859324737833,22.442635808028065,15.522706186208898,384.794745099047,-0.09741593838796095,29888.394736842107,304.9085727972603,2.901160733147773,2.2987361304851706,-0.0224609375,0.0707750822368421,-0.9886410361842105
