Time (s),ESC signal (µs),Servo 1 (µs),Servo 2 (µs),Servo 3 (µs),AccX (g),AccY (g),AccZ (g),Torque (N·m),Thrust (gf),Voltage (V),Current (A),Motor Electrical Speed (RPM),Motor Optical Speed (RPM),Electrical Power (W),Mechanical Power (W),Motor Efficiency (%),Propeller Mech. Efficiency (gf/W),Overall Efficiency (gf/W),Left Load Cell (mV),Right Load Cell (mV),Thrust Load Cell (mV),Vibration (g),Burst Current Cutoff (A),Pin State ESC,Pin State Servo1,Pin State Servo2,Pin State Servo3,Debug 0,Debug 1,Debug 2,Debug 3,Debug 3,App message,
0,1000,,,,0,0.015625,-0.94140625,-0.00032087796076444837,0.7091944211745288,16.62133438019253,0.12758510036613335,0,0,1.9733965031165832,0,0,0,0,0.10036355126627301,0.03426198078748626,0.10867208605473198,0.05859375,0.13300030243401667,0,1,1,1,0,0,0,0,0,,
0.11658499999949709,1000,,,,0,0.015625,-0.94140625,-0.0003253996721323387,0.560653783338085,16.621565444628985,0.1275949805015155,0,0,1.9763857959986821,0,0,0,0,0.1002087324916986,0.03415533493171859,0.10851008514090014,0.05859375,0.1327978850797907,0,1,1,1,0,0,0,0,0,,
0.22921999999973924,1000,,,,-0.001953125,0.0390625,-0.962890625,-0.0003288603191821805,-0.14260135259882245,16.62102466374069,0.14256030638234177,0,0,2.251983530182924,0,0,0,0,0.10018091986592187,0.03415324634292778,0.1077431032809989,0.060546875,0.1336704123569042,1,1,1,1,0,0,0,0,0,,
0.3343599999998696,1000,,,,-0.015625,0.05859375,-0.984375,-0.0003615565415122236,-0.14260135259882245,16.620614337402117,0.16380907463162026,0,0,2.5934020090038006,0,0,0,0,0.10020571532914412,0.034385738856228316,0.1077431032809989,0.0703125,0.13547476730961644,0,1,1,1,0,0,0,0,0,,
0.46386499999975783,1000,,,,-0.01171875,0.064453125,-0.9921875,-0.0003615565415122236,-0.6504022809928252,16.621052656953196,0.1711377878172043,0,0,2.6933506609278477,0,0,0,0,0.10020571532914412,0.034385738856228316,0.10718928706179655,0.08203125,0.13690686420612372,0,1,1,1,0,0,0,0,0,,
0.6622299999999813,1000,,,,-0.01171875,0.052734375,-0.98046875,-0.0004891948719017607,-0.10224700185468985,16.62075472788978,0.17844687574608606,0,0,2.7913299879752422,0,0,0,0,0.0998145580602242,0.034865353929614706,0.10778711441352708,0.095703125,0.13943353597193403,0,1,1,1,0,0,0,0,0,,
0.902994999999646,1000,,,,0,0.0234375,-0.94921875,-0.00045038171494679976,0.4321385779815682,16.62068557085118,0.14769049610526613,0,0,2.315119696818357,0,0,0,0,0.10013590487929769,0.03489703400047625,0.10836992429998625,0.09765625,0.13880362336217344,0,1,1,1,0,0,0,0,0,,
1.020739999999758,1000,,,,-0.00390625,0.03515625,-0.96484375,-0.00037563198375002943,0.9252351477331618,16.620350151714913,0.1592222008025336,0,0,2.5048826809318463,0,0,0,0,0.10031203062439974,0.034569711128355815,0.10890770369874621,0.08984375,0.140601937470864,0,1,1,1,0,0,0,0,0,,
1.1505349999996834,1000,,,,-0.01171875,0.05859375,-0.990234375,-0.00020614369352079133,1.0256017495437908,16.61971113661299,0.18350689510878626,0,0,2.895273133234631,0,0,0,0,0.10094788457776278,0.03403497290605966,0.10901716519997809,0.091796875,0.14301899372073165,0,1,1,1,0,0,0,0,0,,
1.279619999999646,1000,,,,-0.015625,0.05859375,-0.984375,-0.00024898682904907546,1.0256017495437908,16.61884397727482,0.19916372326454845,0,0,3.151919170583512,0,0,0,0,0.10128399526916876,0.03460592053958413,0.10901716519997809,0.09375,0.1458468722176272,0,1,1,1,0,0,0,0,0,,
1.4709549999996088,1000,,,,-0.025390625,0.078125,-0.98828125,-0.00039026664467541945,1.0345848824936856,16.618669249871868,0.20378784078364132,0,0,3.2160623672964697,0,0,0,0,0.10058816655694888,0.03490623660473075,0.10902696235561275,0.099609375,0.14882992511378557,0,1,1,1,0,0,0,0,0,,
1.7891749999998137,1000,,,,-0.001953125,0.029296875,-0.953125,-0.0004557967287520705,0.8454960299694303,16.6203138218349,0.15929976428824852,0,0,2.4880519324913957,0,0,0,0,0.10030795906806543,0.03508284442352778,0.10882073887798051,0.09765625,0.14795591968946373,0,1,1,1,0,0,0,0,0,,
1.9076949999998323,1000,,,,0,0.017578125,-0.943359375,-0.00038190280940051356,0.47273825167505196,16.62099267637228,0.13911029040652148,0,0,2.1540379852199685,0,0,0,0,0.10019017891969427,0.034503254479541216,0.10841420298584231,0.0859375,0.1466012567433569,0,1,1,1,0,0,0,0,0,,
2.0287450000001117,1000,,,,0,0.021484375,-0.947265625,-0.00036262404258872804,0.47273825167505196,16.620442877817002,0.13134857093848887,0,0,2.0533699466825497,0,0,0,0,0.10044543542741595,0.034602876641758804,0.10841420298584231,0.078125,0.1457725632516004,0,1,1,1,0,0,0,0,0,,
2.145049999999814,1000,,,,0,0.01953125,-0.9453125,-0.00039986515526211546,0.7500576574247884,16.62017090468995,0.12912920678118878,0,0,1.9974504977938465,0,0,0,0,0.10023029990939535,0.03465422125412197,0.10871665218633805,0.07421875,0.14507936297829768,0,1,1,1,0,0,0,0,0,,
2.2567899999995715,1000,,,,0,0.017578125,-0.94140625,-0.0003963103398418074,1.3390193150629424,16.620536381518352,0.12747097229567808,0,0,1.9440142233575277,0,0,0,0,0.10012660642500162,0.03454035959534887,0.10935898365965752,0.072265625,0.14437957575326013,0,1,1,1,0,0,0,0,0,,
2.374234999999404,1000,,,,0,0.01953125,-0.9453125,-0.0003963103398418074,1.103909520639747,16.621019496009986,0.1301726742972853,0,0,2.018168177118425,0,0,0,0,0.10012660642500162,0.03454035959534887,0.10910256897003358,0.0703125,0.1439894575993695,0,1,1,1,0,0,0,0,0,,
2.4851899999999443,1000,,,,0,0.01953125,-0.9453125,-0.0005914874994360588,1.2501072420116497,16.62087118706933,0.12989013199943023,0,0,1.9971522552098633,0,0,0,0,0.09894150646114624,0.03475893560918863,0.10926201465982831,0.068359375,0.14346669315567492,1,1,1,1,0,0,0,0,0,,
2.6029899999997577,1000,,,,0,0.01953125,-0.943359375,-0.0006693700460033855,1.2501072420116497,16.621048646126674,0.13094191887852016,0,0,2.0208012894749454,0,0,0,0,0.09870760627891839,0.03505577750379994,0.10926201465982831,0.06640625,0.14308309292916038,0,1,1,1,0,0,0,0,0,,
2.7418499999996273,1000,,,,0,0.021484375,-0.947265625,-0.0005904434834341175,1.3505789826300523,16.620739129159432,0.13086246503208243,0,0,2.0410041597748956,0,0,0,0,0.09931479322170937,0.03507961412486279,0.10937159082720938,0.06640625,0.14262900503545098,0,1,1,1,0,0,0,0,0,,
3.0834199999999257,1000,,,,0,0.017578125,-0.943359375,-0.00041765695467054935,1.3772282724615557,16.620962797581516,0.1293534126018453,0,0,2.0057473091169924,0,0,0,0,0.0999057837454567,0.03448426753419477,0.10940065499017888,0.064453125,0.14183765011148405,0,1,1,1,0,0,0,0,0,,
3.204394999999553,1000,,,,0,0.01953125,-0.9453125,-0.00043239481612481867,1.3587505875211796,16.62021949675372,0.12402318974640869,0,0,1.9316953856045114,0,0,0,0,0.09995927695976524,0.03462617949540794,0.10938050291671644,0.0625,0.14010319428808735,0,1,1,1,0,0,0,0,0,,
3.3101349999997765,1000,,,,0,0.021484375,-0.947265625,-0.0003736030223402287,1.3559646982074136,16.619831213941552,0.12491046580359594,0,0,1.9305549073269401,0,0,0,0,0.09996734237199541,0.034254309231650314,0.10937746457905183,0.0625,0.13958168103179894,0,1,1,1,0,0,0,0,0,,
3.4255749999997205,1000,,,,0,0.03125,-0.955078125,-0.0003736030223402287,1.0573315811378343,16.620568916159183,0.1246462321972735,0,0,1.9473024178504366,0,0,0,0,0.09996734237199541,0.034254309231650314,0.1090517702871033,0.0625,0.13908830089778362,0,1,1,1,0,0,0,0,0,,
3.538929999999702,1000,,,,0,0.01953125,-0.9453125,-0.00045320575681955693,0.28704850032913143,16.620740791078827,0.1274593498059405,0,0,1.9861693042303321,0,0,0,0,0.09999568825634537,0.034792253228007185,0.10821168662503088,0.0625,0.13876752768092576,0,1,1,1,0,0,0,0,0,,
3.653519999999553,1000,,,,0,0.01953125,-0.9453125,-0.0004604549956399929,0.28704850032913143,16.620470280571368,0.12776718415432722,0,0,1.968525016469116,0,0,0,0,0.10002892023086482,0.034868126010457946,0.10821168662503088,0.0625,0.13840104186483507,0,1,1,1,0,0,0,0,0,,
3.7663899999996646,1000,,,,0,0.021484375,-0.947265625,-0.00035145908395131127,-0.2420599716705792,16.62051234080743,0.12822271538973548,0,0,1.9773250640854982,0,0,0,0,0.10035256578598721,0.03444945709366321,0.10763463204098835,0.0625,0.13806563556045798,1,1,1,1,0,0,0,0,0,,
3.9057899999995715,1000,,,,0,0.01953125,-0.9453125,-0.00035145908395131127,0.3068375582658734,16.62006263638334,0.12700034319000397,0,0,1.9602554836110593,0,0,0,0,0.10035256578598721,0.03444945709366321,0.10823326890390296,0.0625,0.13760659192931865,0,1,1,1,0,0,0,0,0,,
4.014539999999571,1000,,,,0,0.01953125,-0.943359375,-0.0003272054026078739,0.5870195964379755,16.620936673537315,0.12553225845601096,0,0,1.9267820252099597,0,0,0,0,0.10072389139521515,0.03461881685206873,0.10853884013938618,0.060546875,0.1370560431580645,0,1,1,1,0,0,0,0,0,,
4.129469999999739,1000,,,,0,0.01953125,-0.9453125,-0.00035300419344609695,0.6959740287729046,16.6207294224914,0.12574434577103513,0,0,1.9331410380470926,0,0,0,0,0.10075547340466988,0.03481280419168084,0.10865766767278968,0.060546875,0.1366895450426616,0,1,1,1,0,0,0,0,0,,
4.24307499999972,1000,,,,0,0.01953125,-0.9453125,-0.00030680955033111587,0.6959740287729046,16.620810915445844,0.12448291468643027,0,0,1.8976865653198147,0,0,0,0,0.10077306155474136,0.03453048160726658,0.10865766767278968,0.060546875,0.13620038312408625,0,1,1,1,0,0,0,0,0,,
4.364659999999684,1000,,,,0,0.015625,-0.94140625,-0.00029178018326367995,-0.34225268422169425,16.620275864076255,0.1252583081572898,0,0,1.9477371549942823,0,0,0,0,0.10078131421738915,0.034440847704644874,0.10752536018630274,0.060546875,0.13585689366149123,0,1,1,1,0,0,0,0,0,,
4.558214999999851,1000,,,,0,0.015625,-0.94140625,-0.00029178018326367995,-0.7696728586230286,16.619775113556074,0.12386759607460807,0,0,1.9286473525850396,0,0,0,0,0.10078131421738915,0.034440847704644874,0.10705920856711135,0.060546875,0.13525835974713776,0,1,1,1,0,0,0,0,0,,
4.8240849999994975,1000,,,,0,0.01953125,-0.9453125,-0.0003606220406432226,-0.7157893506345098,16.620662126121154,0.1257709018965266,0,0,1.9580804466918114,0,0,0,0,0.10042161636882542,0.034569081109389936,0.10711797482570394,0.060546875,0.13442871599268746,0,1,1,1,0,0,0,0,0,,
4.934764999999665,1000,,,,0,0.015625,-0.94140625,-0.0003606220406432226,0.23070438537660093,16.620271982439814,0.1280822031815958,0,0,2.014474541382559,0,0,0,0,0.10042161636882542,0.034569081109389936,0.10815023678716626,0.060546875,0.13426903675148066,0,1,1,1,0,0,0,0,0,,
5.053754999999888,1000,,,,0,0.01953125,-0.9453125,-0.0005206027465033061,0.9407235823007227,16.62018815315465,0.12865888566592493,0,0,1.9819059710791171,0,0,0,0,0.09945622958292663,0.03475350646585596,0.10892459564555831,0.060546875,0.1341014472412277,0,1,1,1,0,0,0,0,0,,
5.165140000000131,1000,,,,0,0.021484375,-0.947265625,-0.0005461049454022532,1.337011891166694,16.620136413499807,0.1244633026493084,0,0,1.916944710183894,0,0,0,0,0.09925403814547754,0.034740540714547935,0.10935679432944878,0.060546875,0.1335920059433262,0,1,1,1,0,0,0,0,0,,
5.706304999999702,1000,,,,0,0.021484375,-0.947265625,-0.0005539587140917557,1.337011891166694,16.620400666251562,0.12325026628602614,0,0,1.8930104655543785,0,0,0,0,0.09956627302634634,0.03506502192058815,0.10935679432944878,0.060546875,0.13320022507792426,0,1,1,1,0,0,0,0,0,,
5.945099999999628,1000,,,,0,0.021484375,-0.947265625,-0.0005127191205863972,1.1548128970941842,16.62117665239251,0.12245072213119496,0,0,1.9047411878675597,0,0,0,0,0.09975662830607178,0.03496617036176212,0.10915808504713448,0.060546875,0.13149412310122782,0,1,1,1,0,0,0,0,0,,
6.060134999999777,1000,,,,0,0.017578125,-0.943359375,-0.0004903736709449522,1.0640971635357048,16.620519840290548,0.12628335004961275,0,0,1.9735475703850658,0,0,0,0,0.09958546092952868,0.03467201208968393,0.10905914894487012,0.060546875,0.13122647241951574,0,1,1,1,0,0,0,0,0,,
6.233654999999795,1000,,,,0,0.017578125,-0.9453125,-0.00046630571602193454,1.1610690869208478,16.619387544568887,0.1256176708858518,0,0,1.9897573408813067,0,0,0,0,0.10006114656118907,0.03493410255249931,0.10916490815280971,0.060546875,0.1309330237479165,0,1,1,1,0,0,0,0,0,,
6.50466999999946,1000,,,,0,0.021484375,-0.947265625,-0.00041719460324363486,1.3736068166737843,16.61955814876861,0.12856006966880804,0,0,2.0193563996969455,0,0,0,0,0.10027643509532118,0.03480638368338458,0.10939670536968737,0.060546875,0.13093566310667695,0,1,1,1,0,0,0,0,0,,
6.62290499999933,1000,,,,0,0.01953125,-0.9453125,-0.0004805969521388485,1.2927354996942257,16.620389113905535,0.13169135476673594,0,0,2.050261656776157,0,0,0,0,0.09991439664140515,0.03489750362973695,0.10930850575344567,0.060546875,0.13108184499142475,0,1,1,1,0,0,0,0,0,,
6.73946999999974,1000,,,,0,0.01953125,-0.9453125,-0.0005630150722823083,1.0602301020369775,16.620469262899547,0.1279182690199792,0,0,1.976609866094535,0,0,0,0,0.09949673276986266,0.03506240159316677,0.10905493146266618,0.060546875,0.13083346116798675,0,1,1,1,0,0,0,0,0,,
6.874194999999832,1000,,,,0,0.0234375,-0.94921875,-0.0005630150722823083,0.9474751284128605,16.620770720543604,0.12863536350368132,0,0,1.9749809958544464,0,0,0,0,0.09949673276986266,0.03506240159316677,0.10893195899511622,0.060546875,0.13077976724068818,0,1,1,1,0,0,0,0,0,,
7.011149999999441,1000,,,,0,0.01953125,-0.943359375,-0.00048376485671004635,0.8860973737128618,16.620953812332846,0.12936499303066992,0,0,2.0010494735176367,0,0,0,0,0.09920167203148289,0.03429279564456432,0.10886501938522108,0.060546875,0.13074518710400657,0,1,1,1,0,0,0,0,0,,
7.1417949999999255,1000,,,,0,0.021484375,-0.9453125,-0.00035463825307873993,1.0887349166984157,16.62037619259118,0.125474907755531,0,0,1.9628428422142115,0,0,0,0,0.09981979333131225,0.03400265675520583,0.1090860192921721,0.060546875,0.13038893110846286,0,1,1,1,0,0,0,0,0,,
7.261489999999758,1000,,,,0,0.017578125,-0.9453125,-0.0003752450379309072,1.172433518189152,16.62051703010979,0.12439418459632223,0,0,1.9245356106972387,0,0,0,0,0.10035916336584556,0.03460855692365898,0.1091773023923758,0.060546875,0.13011811545701582,0,1,1,1,0,0,0,0,0,,
7.381694999999833,1000,,,,0,0.01953125,-0.9453125,-0.00033213006086617173,1.172433518189152,16.620292648320223,0.126401374502078,0,0,1.9395079431134543,0,0,0,0,0.1006092165536715,0.03454997822516546,0.1091773023923758,0.060546875,0.1300459406106137,0,1,1,1,0,0,0,0,0,,
7.489429999999702,1000,,,,0,0.015625,-0.94140625,-0.00036595972214620136,1.3910116105969816,16.619783817497414,0.12113055629623255,0,0,1.8375948058269889,0,0,0,0,0.10045555636587164,0.03463325389049353,0.10941568733019112,0.060546875,0.12954938143650127,0,1,1,1,0,0,0,0,0,,
7.603614999999758,1000,,,,0,0.021484375,-0.947265625,-0.00036595972214620136,0.6156518660670947,16.620028763788206,0.12336844447605111,0,0,1.8888140897757606,0,0,0,0,0.10045555636587164,0.03463325389049353,0.10857006697342,0.060546875,0.12942180004241155,0,1,1,1,0,0,0,0,0,,
7.710029999999795,1000,,,,0,0.017578125,-0.943359375,-0.00048807533436908714,0.26036819195022604,16.6208121332086,0.12779816992740994,0,0,1.9813997753233967,0,0,0,0,0.10034409335653444,0.03532259039585888,0.10818258863271273,0.060546875,0.12952405858505045,0,1,1,1,0,0,0,0,0,,
7.822464999999386,1000,,,,0,0.015625,-0.94140625,-0.00039511203052945053,0.26036819195022604,16.62056337939798,0.13033974641913515,0,0,2.0336385152622,0,0,0,0,0.10070077058764265,0.035036232067527415,0.10818258863271273,0.060546875,0.12964311869119122,0,1,1,1,0,0,0,0,0,,
7.929564999999944,1000,,,,0,0.015625,-0.943359375,-0.00044059956194233247,0.0034328491036625876,16.62089319045786,0.1269350489714338,0,0,1.9729499383630715,0,0,0,0,0.1008881711844077,0.0354937914375358,0.10790237063349643,0.060546875,0.12942804845996644,0,1,1,1,0,0,0,0,0,,
8.043379999999889,1000,,,,0,0.015625,-0.94140625,-0.00044059956194233247,0.01805740060708837,16.62089607252079,0.1253826571207698,0,0,1.9696870905007624,0,0,0,0,0.1008881711844077,0.0354937914375358,0.10791832041493298,0.05859375,0.12923717925442604,0,1,1,1,0,0,0,0,0,,
8.163314999999479,1000,,,,0,0.01953125,-0.9453125,-0.0003988072426251491,0.3972939471917704,16.62041107912239,0.12920885979861327,0,0,2.0080883452376597,0,0,0,0,0.1001132602130999,0.03454474757362651,0.10833192216055626,0.05859375,0.1293730437983115,0,1,1,1,0,0,0,0,0,,
8.495209999999963,1000,,,,0,0.015625,-0.94140625,-0.0004089017246784763,0.3972939471917704,16.620122021816222,0.13232023088966288,0,0,2.075537573745796,0,0,0,0,0.09991882231918477,0.03443927147945235,0.10833192216055626,0.05859375,0.1296095839466293,0,1,1,1,0,0,0,0,0,,
8.617669999999926,1000,,,,0,0.01953125,-0.947265625,-0.00042413412106284936,0.6556581488325719,16.620250336672818,0.13170601201866103,0,0,2.0499441898570834,0,0,0,0,0.10009488919663295,0.03469187966381362,0.10861369849716611,0.05859375,0.12978731484367464,0,1,1,1,0,0,0,0,0,,
8.789324999999721,1000,,,,0,0.017578125,-0.94140625,-0.00038181336053088764,0.6556581488325719,16.61985173108068,0.13295220832954857,0,0,2.079568282767549,0,0,0,0,0.10031634414807886,0.03461333675840375,0.10861369849716611,0.060546875,0.12997671076587503,0,1,1,1,0,0,0,0,0,,
9.078884999999776,1000,,,,0,0.017578125,-0.943359375,-0.0003472321151462332,0.6913673887946117,16.620644046702942,0.13060026033622513,0,0,2.051843754039616,0,0,0,0,0.10040234447104916,0.03446587264018397,0.10865264359387736,0.060546875,0.12992519863661928,0,1,1,1,0,0,0,0,0,,
9.202369999999647,1000,,,,0,0.01953125,-0.9453125,-0.0003756241526687119,1.2087422063063256,16.620042597263097,0.13092940736819283,0,0,2.0400107473414897,0,0,0,0,0.10038720709676976,0.034635597521237384,0.10921690125731062,0.05859375,0.13002192581816205,0,1,1,1,0,0,0,0,0,,
9.308915000000038,1004,,,,0,0.015625,-0.94140625,-0.0004178332739558755,1.2886013998401127,16.619796790671092,0.1248355589048483,0,0,1.976815187503563,0,0,0,0,0.10039787051860125,0.0349170105944497,0.10930399703472739,0.05859375,0.12961878577278294,0,1,1,1,0,0,0,0,0,,
9.423709999999963,1008,,,,0,0.01953125,-0.943359375,-0.0004178332739558755,0.42237278402692674,16.620084810232033,0.12724000405951277,0,0,1.9996458143676596,0,0,0,0,0.10039787051860125,0.0349170105944497,0.10835927356111782,0.05859375,0.12962749467876378,0,1,1,1,0,0,0,0,0,,
9.534694999999832,1011,,,,0,0.0234375,-0.94921875,-0.0004980661645108777,-0.044464470204412035,16.61999967710912,0.12767977825660504,0,0,1.9971496390884993,0,0,0,0,0.09984019990812526,0.03494502445367681,0.10785013301279531,0.060546875,0.1295761479411425,0,1,1,1,0,0,0,0,0,,
9.649144999999553,1015,,,,0,0.015625,-0.94140625,-0.0004303892894536916,-0.044464470204412035,16.619812830636846,0.12861745199455876,0,0,2.005982889562433,0,0,0,0,0.09993395512973122,0.03459104317178073,0.10785013301279531,0.060546875,0.1295765684695677,0,1,1,1,0,0,0,0,0,,
9.764074999999721,1019,,,,0,0.015625,-0.94140625,-0.0005039542858140493,-0.22526528536625054,16.619626158923424,0.12789026043562798,0,0,1.9838347829938188,0,0,0,0,0.09976395341180301,0.03491610114790238,0.10765294860787838,0.05859375,0.12948994724836488,0,1,1,1,0,0,0,0,0,,
9.888054999999701,1023,,,,0,0.017578125,-0.9453125,-0.0004759022483755405,0.018074922713123404,16.61985393605118,0.13151014946770734,0,0,2.0299288982390973,0,0,0,0,0.09989550542187733,0.03485067438185134,0.10791833952483604,0.05859375,0.12968934416236833,0,1,1,1,0,0,0,0,0,,
10.349754999999423,1033,,,,-0.01171875,0.05078125,-0.96875,0.00023869937896608005,1.1091549102117808,16.61973528897062,0.14487597199953878,0,0,2.2646053620593634,0,0,0,0,0.10139665486936926,0.03156133655872966,0.10910828967997835,0.068359375,0.13212357331673885,0,1,1,1,0,0,0,0,0,,
10.481864999999758,1042,,,,-0.00390625,0.046875,-0.96875,-0.00002933829608218957,1.6362908283772712,16.619374739074505,0.14518450494464483,0,0,2.2753604269577203,0,0,0,0,0.1019699947561189,0.03379185523444844,0.10968319296368731,0.07421875,0.13327152260106012,0,1,1,1,0,0,0,0,0,,
10.593394999999553,1047,,,,-0.00390625,0.033203125,-0.95703125,-0.000050010180737633204,1.557723212569967,16.618658866263054,0.1482388416008669,0,0,2.3055916881824468,0,0,0,0,0.1009443410633271,0.03302550134542095,0.10959750580262646,0.07421875,0.13394511746355653,0,1,1,1,0,0,0,0,0,,
10.708679999999703,1050,,,,-0.021484375,0.064453125,-0.98046875,0.00033665886567880884,1.5223355999083659,16.618311115317105,0.16074513651759983,0,0,2.505153458143587,0,0,0,0,0.1015337824369101,0.031050209377142667,0.10955891147804965,0.078125,0.1353173380331283,0,1,1,1,0,0,0,0,0,,
10.817534999999683,1054,,,,-0.00390625,0.04296875,-0.96875,0.0003275659025938773,1.5223355999083659,16.618415342907646,0.162455870865665,0,0,2.5399628779403036,0,0,0,0,0.10192828843526457,0.03145483739278017,0.10955891147804965,0.080078125,0.13636002741989978,0,1,1,1,0,0,0,0,0,,
10.980739999999757,1058,,,,-0.0078125,0.056640625,-0.98046875,0.0004113179565751479,2.568272251157741,16.61943807685297,0.16363440930856205,0,0,2.5950982721470233,0,0,0,0,0.10283680958648118,0.03171186972274084,0.11069962755265803,0.08203125,0.1376146716567037,1,1,1,1,0,0,0,0,0,,
11.269834999999963,1063,,,,-0.021484375,0.060546875,-0.982421875,0.0004330051516653157,2.862384797120713,16.61837938791851,0.17397311755607012,0,0,2.7374097493510456,0,0,0,0,0.10319759286851587,0.03188852523368985,0.1110203916338509,0.0859375,0.13941134741645148,0,1,1,1,0,0,0,0,0,,
11.396054999999702,1073,,,,-0.005859375,0.05078125,-0.984375,0.00031751370570322725,3.1181957402280993,16.618039878721973,0.17736006106264773,0,0,2.8005004094692403,0,0,0,0,0.10287048134631765,0.032346021344386564,0.11129938334383138,0.091796875,0.14283778807804176,0,1,1,1,0,0,0,0,0,,
11.511369999999646,1077,,,,-0.01171875,0.052734375,-0.974609375,0.00031751370570322725,3.3573275905017494,16.617691890989946,0.18632940248003416,0,0,2.947790174985028,0,0,0,0,0.10287048134631765,0.032346021344386564,0.11156018455510183,0.09375,0.1447703447163142,1,1,1,1,0,0,0,0,0,,
11.624104999999515,1081,,,,-0.0078125,0.052734375,-0.974609375,0.000584468115052635,4.2819726980842985,16.617593044536477,0.2042873075569489,0,0,3.2581275147867697,0,0,0,0,0.10270499160040751,0.030480207996551115,0.11256861803553059,0.09375,0.14746987535399136,0,1,1,1,0,0,0,0,0,,
11.732770000000018,1085,,,,-0.01171875,0.052734375,-0.98046875,0.0006914210149714746,4.2819726980842985,16.617498722887404,0.2079127810128446,0,0,3.3147256285734183,0,0,0,0,0.10267243176082455,0.029762281594915407,0.11256861803553059,0.10546875,0.14968871859743724,0,1,1,1,0,0,0,0,0,,
11.849444999999832,1088,,,,-0.01953125,0.052734375,-0.98046875,0.0010019843130847307,5.287841624381405,16.617646948148785,0.21687853722723224,0,0,3.470378503251995,0,0,0,0,0.10399352100925062,0.02891925597471212,0.11366563557651224,0.1171875,0.15231692672664734,0,1,1,1,0,0,0,0,0,,
11.970529999999796,1092,,,,-0.009765625,0.044921875,-0.9921875,0.0010019843130847307,5.507791943844771,16.61739825351546,0.22825638631306838,0,0,3.6475557130054126,0,0,0,0,0.10399352100925062,0.02891925597471212,0.11390551708819596,0.119140625,0.15547632054445049,0,1,1,1,0,0,0,0,0,,
12.188764999999664,1096,,,,-0.02734375,0.06640625,-0.98828125,0.0013138164896259767,5.9170866960611255,16.61612912367933,0.23246922123157476,0,0,3.712817468374279,0,0,0,0,0.10569272123966669,0.028399690810151708,0.11435190081760094,0.123046875,0.1593577003043242,0,1,1,1,0,0,0,0,0,,
12.493654999999794,1104,,,,0,0.0625,-0.990234375,0.001231737029147552,10.95044477361957,16.61691762682864,0.23600556790078767,0,0,3.7719411504529043,0,0,0,0,0.10550923659370476,0.02876780323614845,0.11984136565418776,0.125,0.16754505850485021,0,1,1,1,0,0,0,0,0,,
12.6075,1114,,,,-0.02734375,0.05859375,-0.982421875,0.0013184526444511694,11.734948089212304,16.61625392984218,0.24846588476793102,0,0,3.9691275835717548,0,0,0,0,0.10540726026575585,0.028119432083256405,0.12069695814309352,0.1328125,0.17123164300458338,0,1,1,1,0,0,0,0,0,,
12.734429999999701,1118,,,,-0.017578125,0.0546875,-0.986328125,0.0017374898072785127,11.821597895024086,16.615572027665095,0.27135064958256927,0,0,4.292923882311941,0,0,0,0,0.10723346291306061,0.02702026685944463,0.12079145987628465,0.13671875,0.1754834793959998,0,1,1,1,0,0,0,0,0,,
12.849439999999944,1122,,,,-0.01171875,0.0625,-0.98046875,0.0017374898072785127,12.129994262706438,16.61449519141981,0.29907725983734645,0,0,4.779018131399077,0,0,0,0,0.10723346291306061,0.02702026685944463,0.12112780213329025,0.140625,0.18130556301741535,0,1,1,1,0,0,0,0,0,,
12.96185999999987,1126,,,,-0.025390625,0.072265625,-0.984375,0.002400548974199413,14.364782545441543,16.614205113112565,0.30468367604385427,0,0,4.913827776715504,0,0,0,0,0.10908662505446019,0.02437189600591535,0.12356509975969743,0.154296875,0.1857705766588894,0,1,1,1,0,0,0,0,0,,
13.071120000000112,1129,,,,-0.01171875,0.0625,-0.994140625,0.0026061403656858664,14.364782545441543,16.614031565565668,0.31580645132592267,0,0,5.089888490750261,0,0,0,0,0.10960889465132198,0.023504829875435774,0.12356509975969743,0.166015625,0.19084207023373878,0,1,1,1,0,0,0,0,0,,
13.187785000000149,1133,,,,0,0.064453125,-0.990234375,0.003094313392400527,18.281301982575645,16.61357395218691,0.3322320986974787,0,0,5.40491415408804,0,0,0,0,0.11231209683918146,0.022729258673092723,0.12783652162173698,0.169921875,0.1961308726902042,0,1,1,1,0,0,0,0,0,,
13.29844999999972,1137,,,,-0.0390625,0.080078125,-0.986328125,0.003094313392400527,19.486163632776474,16.61342230947671,0.348220503553805,0,0,5.699003600811829,0,0,0,0,0.11231209683918146,0.022729258673092723,0.12915056396877733,0.17578125,0.20222846803807792,0,1,1,1,0,0,0,0,0,,
13.414769999999553,1141,,,,-0.009765625,0.06640625,-0.990234375,0.00347440093660112,21.684982443704502,16.612542112838103,0.35809754506161395,0,0,5.852505734489413,0,0,0,0,0.11440001368565156,0.022110692542647466,0.1315486326852534,0.18359375,0.20787699857821185,0,1,1,1,0,0,0,0,0,,
13.53345499999961,1144,,,,-0.03515625,0.072265625,-0.98828125,0.0036703650568615364,21.684982443704502,16.612270760136646,0.3707988604603231,0,0,6.053409955727605,0,0,0,0,0.11484316622621649,0.021236286164846376,0.1315486326852534,0.1953125,0.21420481735788577,1,1,1,1,0,0,0,0,0,,
13.650444999999833,1148,,,,-0.009765625,0.064453125,-0.974609375,0.0037398330182723885,24.380832326137064,16.611489496707378,0.3868857943406829,0,0,6.297626691220002,0,0,0,0,0.11455481840035923,0.020535619907616903,0.13448877183416705,0.21484375,0.22105341288671154,0,1,1,1,0,0,0,0,0,,
13.819395000000018,1152,,,,-0.0078125,0.0390625,-0.974609375,0.0037732442579411214,25.382488608392144,16.611091076006115,0.402865777881036,0,0,6.576031939390344,0,0,0,0,0.1143884676897059,0.02017436140207437,0.13558119499482021,0.244140625,0.23022108526242732,0,1,1,1,0,0,0,0,0,,
14.101020000000018,1158,,,,-0.033203125,0.06640625,-0.96484375,0.003753754952062711,27.253771008802893,16.610875146065748,0.4148779352354169,0,0,6.795302483426534,0,0,0,0,0.11401733080525772,0.01997445823828062,0.13762204700218653,0.298828125,0.23815026724252292,0,1,1,1,0,0,0,0,0,,
14.225864999999757,1167,,,,-0.017578125,0.0546875,-0.98828125,0.003892208354194636,31.865575758018316,16.60952168046085,0.43380740250928845,0,0,7.0918463202676385,0,0,0,0,0.11455817177042944,0.019556421015733398,0.1426517587004058,0.39453125,0.2554019450007152,0,1,1,1,0,0,0,0,0,,
14.33618499999959,1171,,,,-0.015625,0.060546875,-0.994140625,0.003892208354194636,33.34286582447953,16.607913968694184,0.4586851850494823,0,0,7.498291451017193,0,0,0,0,0.11455817177042944,0.019556421015733398,0.1442629160526782,0.431640625,0.2637769566552801,0,1,1,1,0,0,0,0,0,,
14.453364999999758,1175,,,,-0.021484375,0.07421875,-0.9921875,0.004579144929030339,34.50641157226555,16.6071479700662,0.5065045345258339,0,0,8.31589204490379,0,0,0,0,0.1167003777139096,0.01700766628483587,0.1455318985827925,0.4296875,0.2738067662584521,0,1,1,1,0,0,0,0,0,,
14.566080000000074,1179,,,,-0.015625,0.123046875,-0.970703125,0.004956395226665297,34.50641157226555,16.60690641531272,0.5386119418864675,0,0,8.744982100224298,0,0,0,0,0.11764454881695456,0.015404214648773139,0.1455318985827925,0.41796875,0.2845633193040693,0,1,1,1,0,0,0,0,0,,
14.684179999999701,1183,,,,0.0078125,0.087890625,-0.990234375,0.0051226310691368186,37.98083352089285,16.606107122336738,0.5559349799868296,0,0,9.056246948758304,0,0,0,0,0.1181286126886514,0.014757305941213984,0.14932116150042438,0.41796875,0.29449653304056694,0,1,1,1,0,0,0,0,0,,
14.79545499999961,1187,,,,-0.01171875,0.083984375,-0.97265625,0.0051226310691368186,40.881804360312536,16.60607537809485,0.5776911046824871,0,0,9.433599500712926,0,0,0,0,0.1181286126886514,0.014757305941213984,0.15248500900929918,0.396484375,0.3055978968286986,0,1,1,1,0,0,0,0,0,,
14.917054999999703,1190,,,,-0.01171875,0.037109375,-0.970703125,0.0058494811895004545,45.19574446686164,16.60463428106994,0.5890447913619947,0,0,9.633125294864607,0,0,0,0,0.12189257144059844,0.013373717596464208,0.1571898645266579,0.380859375,0.31578502355735805,0,1,1,1,0,0,0,0,0,,
15.029164999999571,1195,,,,-0.00390625,0.05078125,-0.982421875,0.006240473782738674,45.19574446686164,16.603250059780073,0.6209302600954356,0,0,10.160596181788994,0,0,0,0,0.12304336452789827,0.011862916553644947,0.1571898645266579,0.36328125,0.3282985344356962,0,1,1,1,0,0,0,0,0,,
15.200069999999833,1198,,,,-0.00390625,0.056640625,-0.99609375,0.006511896548516185,48.71835311066979,16.603043694050566,0.6393824845637368,0,0,10.477569844330592,0,0,0,0,0.1241899384769926,0.011119106085429433,0.16103168066317677,0.349609375,0.3424686279794184,0,1,1,1,0,0,0,0,0,,
15.483714999999851,1204,,,,-0.01171875,0.05078125,-0.978515625,0.006719249969959448,50.79461116166202,16.603026635950975,0.6620695382346982,0,0,10.8613610568677,0,0,0,0,0.1250053858462897,0.010497827337978495,0.16329608255689834,0.328125,0.35745370986383007,0,1,1,1,0,0,0,0,0,,
15.605409999999683,1213,,,,-0.025390625,0.06640625,-0.96875,0.0067870190887858095,52.924875557915385,16.601202074586705,0.6835770111666342,0,0,11.229235057946802,0,0,0,0,0.12546512695634687,0.010464255695632632,0.16561938467760465,0.3046875,0.3857963042402728,0,1,1,1,0,0,0,0,0,,
15.715774999999441,1217,,,,-0.021484375,0.025390625,-0.986328125,0.007137533802907337,54.92496285436127,16.600315833892203,0.7255399095396262,0,0,11.924849043619941,0,0,0,0,0.12598020698575235,0.008656775711664871,0.16780071346740327,0.291015625,0.3996036930773958,0,1,1,1,0,0,0,0,0,,
15.834284999999683,1221,,,,-0.015625,0.041015625,-0.984375,0.007137533802907337,56.31761255590299,16.598025177012307,0.7840604119173313,0,0,12.897454040666794,0,0,0,0,0.12598020698575235,0.008656775711664871,0.169319560616463,0.287109375,0.41483126614854354,0,1,1,1,0,0,0,0,0,,
15.946589999999851,1225,,,,-0.013671875,0.076171875,-0.96875,0.007819227646421519,59.873022354975745,16.59744490155221,0.7886197780938409,0,0,13.005031537448925,0,0,0,0,0.1279780666984177,0.006015207892476393,0.17319715024369126,0.279296875,0.42874709802801475,0,1,1,1,0,0,0,0,0,,
16.063819999999833,1229,,,,-0.0390625,0.095703125,-0.9609375,0.00823144504197377,59.873022354975745,16.596458252534646,0.8349543599256757,0,0,13.688670768502938,0,0,0,0,0.12992990599322302,0.005070194906389116,0.17319715024369126,0.271484375,0.44433513087735205,0,1,1,1,0,0,0,0,0,,
16.177299999999814,1233,,,,-0.01953125,0.07421875,-0.998046875,0.008584338022523398,66.72461595766131,16.59517425223216,0.8721044025742548,0,0,14.319508229628358,0,0,0,0,0.13136302175332398,0.004052589794712756,0.180669613274728,0.263671875,0.4614249743894273,0,1,1,1,0,0,0,0,0,,
16.293889999999664,1237,,,,-0.03515625,0.0859375,-0.97265625,0.008584338022523398,70.4638518245926,16.59381401967878,0.9225159090849204,0,0,15.13729634308461,0,0,0,0,0.13136302175332398,0.004052589794712756,0.18474768669826244,0.2578125,0.47902678058176534,0,1,1,1,0,0,0,0,0,,
16.405189999999944,1240,,,,-0.00390625,0.06640625,-0.974609375,0.009286386383342265,73.3055702252763,16.59267135655883,0.9420541279703455,0,0,15.428350534427029,0,0,0,0,0.13428732932117537,0.002092408574198896,0.18784691250251953,0.25390625,0.49648538701709216,0,1,1,1,0,0,0,0,0,,
16.53367499999935,1244,,,,-0.01171875,0.068359375,-0.982421875,0.009394695606430687,73.3055702252763,16.59183072650152,0.985524202464365,0,0,16.233807206014827,0,0,0,0,0.1348735750145047,0.0019084908604611395,0.18784691250251953,0.248046875,0.514812902024535,0,1,1,1,0,0,0,0,0,,
16.96819499999983,1254,,,,-0.01953125,0.05859375,-0.97265625,0.010060290932073784,83.97901048121213,16.590154582667132,1.0456373707126616,0,0,17.2393685337953,0,0,0,0,0.13738345125494436,-0.00018022657925507703,0.19948754566780216,0.23046875,0.5634420019602943,0,1,1,1,0,0,0,0,0,,
17.08902499999944,1263,,,,-0.025390625,0.064453125,-0.984375,0.010343157722697817,86.94727557458857,16.58894749506365,1.0906091187388718,0,0,17.933582281722405,0,0,0,0,0.13841815124168538,-0.0010959239106003043,0.2027247854200079,0.22265625,0.606238748392279,0,1,1,1,0,0,0,0,0,,
17.208274999999908,1267,,,,-0.0234375,0.076171875,-0.984375,0.010625775968507637,89.80632139757891,16.587395404792108,1.1194728884428469,0,0,18.48602936702197,0,0,0,0,0.13899876980461706,-0.0024082915451997798,0.20584290880198453,0.220703125,0.6265295299293873,0,1,1,1,0,0,0,0,0,,
17.32796499999985,1271,,,,-0.033203125,0.126953125,-0.978515625,0.010625775968507637,91.15954640611719,16.584938709429963,1.1966046998790658,0,0,19.765439360826118,0,0,0,0,0.13899876980461706,-0.0024082915451997798,0.20731875871885835,0.232421875,0.6490082845368175,0,1,1,1,0,0,0,0,0,,
17.467369999999647,1275,,,,-0.041015625,0.033203125,-1.0078125,0.011229741057109896,96.67724361824152,16.583122876455118,1.2295617487011976,0,0,20.324965483951235,0,0,0,0,0.13938688871951582,-0.005960750937562304,0.2133364519483419,0.244140625,0.6727105085596209,0,1,1,1,0,0,0,0,0,,
18.057475000000093,1280,,,,-0.072265625,0.08984375,-0.97265625,0.01174836922311134,104.1744308774595,16.581660941495215,1.2692482148112754,0,0,20.968543326071213,0,0,0,0,0.14194084448770422,-0.007063524926562207,0.22151301026162354,0.25,0.6997382750769421,0,1,1,1,0,0,0,0,0,,
18.18396999999974,1299,,,,0,0.056640625,-0.990234375,0.012398687322796044,110.16643147845132,16.579177179662533,1.3365563978084538,0,0,22.089486878551746,0,0,0,0,0.14579043606396028,-0.007878715600854225,0.22804798673123072,0.251953125,0.8096131201344524,0,1,1,1,0,0,0,0,0,,
18.490209999999962,1303,,,,-0.02734375,0.103515625,-1.001953125,0.012628704411187535,110.64690470118322,16.576903256318744,1.379023478286383,0,0,22.704494027359235,0,0,0,0,0.14603372203535908,-0.009147913339819569,0.22857199889576715,0.267578125,0.83777393258362,0,1,1,1,0,0,0,0,0,,
18.753619999999646,1314,,,,-0.01171875,0.05859375,-0.982421875,0.014046297566633994,114.14333962261483,16.57038423528622,1.6161135409073242,0,0,26.695653874703723,0,0,0,0,0.1499748949810128,-0.014828274479020596,0.23238526953116834,0.275390625,0.9406379119041048,0,1,1,1,0,0,0,0,0,,
18.86620499999961,1322,,,,-0.046875,0.1015625,-0.96875,0.014550455559941165,124.29054557663821,16.568861094255904,1.65523354171024,0,0,27.268339045286893,0,0,0,0,0.15284322426503666,-0.015562045232877316,0.243451982730567,0.2890625,0.9681184069293571,1,1,1,1,0,0,0,0,0,,
18.98087999999989,1326,,,,-0.052734375,0.09765625,-0.947265625,0.014550455559941165,130.65048711845347,16.564599996353287,1.7673807271110498,0,0,29.123178361825186,0,0,0,0,0.15284322426503666,-0.015562045232877316,0.25038824176848506,0.294921875,0.9993355241991394,0,1,1,1,0,0,0,0,0,,
19.09089999999944,1330,,,,-0.017578125,0.09765625,-0.990234375,0.015661676431145643,134.47378833401714,16.560182629414612,1.891429141856702,0,0,31.029374792763313,0,0,0,0,0.15572436247042992,-0.020197424600087742,0.2545579982728141,0.29296875,1.0361830261799045,0,1,1,1,0,0,0,0,0,,
19.20884999999963,1334,,,,0.0234375,-0.021484375,-1.00390625,0.016171806788866448,134.47378833401714,16.558280981796273,1.9457213955173582,0,0,31.94583523588647,0,0,0,0,0.15771231547640266,-0.02174186358737751,0.2545579982728141,0.291015625,1.0692795230756202,0,1,1,1,0,0,0,0,0,,
19.317764999999664,1338,,,,-0.029296875,0.091796875,-0.98828125,0.01668778020370331,147.16471264497702,16.5562377004081,2.0152145012794485,0,0,33.14633638108436,0,0,0,0,0.1597228455284258,-0.02330416198439769,0.2683989334249169,0.287109375,1.1058803354465798,0,1,1,1,0,0,0,0,0,,
19.431739999999756,1341,,,,-0.046875,0.072265625,-0.990234375,0.01668778020370331,152.22469845279332,16.555049057696493,2.05483432687491,0,0,33.81209231954776,0,0,0,0,0.1597228455284258,-0.02330416198439769,0.2739174389112402,0.287109375,1.1389506040792359,0,1,1,1,0,0,0,0,0,,
19.543089999999385,1345,,,,-0.009765625,0.052734375,-0.98046875,0.017347556091980763,157.55114870968578,16.553324517135085,2.1225746563662904,0,0,34.823700324715865,0,0,0,0,0.16246247319825372,-0.025153856345215754,0.27972655500004096,0.2890625,1.1768486092709634,0,1,1,1,0,0,0,0,0,,
19.656869999999646,1349,,,,-0.0078125,-0.05078125,-0.974609375,0.017584929811850326,157.55114870968578,16.551235068381196,2.1649584736229333,0,0,35.53238360681841,0,0,0,0,0.16315106566316545,-0.026079895624327432,0.27972655500004096,0.291015625,1.2113582773299953,0,1,1,1,0,0,0,0,0,,
19.762874999999536,1353,,,,-0.0390625,0.0859375,-0.990234375,0.018164940876726657,161.3673053354371,16.55110504402674,2.18824025983688,0,0,35.96621444166715,0,0,0,0,0.16621348454765575,-0.02713234486781568,0.28388851949475286,0.2890625,1.246622172378749,0,1,1,1,0,0,0,0,0,,
19.879179999999703,1356,,,,-0.064453125,-0.013671875,-0.966796875,0.018164940876726657,164.35377865704416,16.549711110568843,2.2560470651831164,0,0,37.140572640259435,0,0,0,0,0.16621348454765575,-0.02713234486781568,0.2871456174464088,0.291015625,1.2827707938507822,0,1,1,1,0,0,0,0,0,,
19.99257499999972,1360,,,,0.0625,-0.03515625,-1.005859375,0.01870921319033547,167.90798220008804,16.54806525123224,2.3127756002666597,0,0,38.06227772169994,0,0,0,0,0.16837411391446586,-0.0287453934450876,0.29102189151055724,0.29296875,1.320427378152954,0,1,1,1,0,0,0,0,0,,
20.10969499999983,1364,,,,-0.025390625,0.05859375,-0.982421875,0.018945753198885078,167.90798220008804,16.546584328564492,2.3401955066881124,0,0,38.597818518301956,0,0,0,0,0.1688450776438878,-0.029856939972075055,0.29102189151055724,0.2890625,1.3583856968827925,1,1,1,1,0,0,0,0,0,,
20.221415000000036,1368,,,,-0.01171875,0.06640625,-1.013671875,0.01944899566017986,171.4100600899871,16.54382626901483,2.3881726626683184,0,0,39.43091764002334,0,0,0,0,0.16997213441775585,-0.032112070128517106,0.29484131646212247,0.287109375,1.397548851916608,0,1,1,1,0,0,0,0,0,,
20.342804999999704,1371,,,,-0.044921875,0.056640625,-0.953125,0.01944899566017986,174.42019558392073,16.542068599462084,2.4705941724158524,0,0,40.7684500608333,0,0,0,0,0.16997213441775585,-0.032112070128517106,0.2981242207762391,0.28125,1.436769261975478,0,1,1,1,0,0,0,0,0,,
20.68358999999985,1377,,,,-0.01953125,0.076171875,-0.978515625,0.02017702225872928,179.05822934262173,16.537999721346175,2.5426045392084227,0,0,41.90720276965,0,0,0,0,0.1731981926145162,-0.03397503110477608,0.30318253827262553,0.267578125,1.4953936933685041,0,1,1,1,0,0,0,0,0,,
20.81447499999963,1387,,,,0.015625,0.052734375,-0.994140625,0.020681738452467582,187.3136649670163,16.535806007785702,2.6141390573477086,0,0,43.101497603396695,0,0,0,0,0.1750224471814467,-0.03562815192050699,0.3121860549850314,0.248046875,1.5969925306322075,0,1,1,1,0,0,0,0,0,,
20.924790000000037,1391,,,,-0.02734375,0.146484375,-0.978515625,0.020681738452467582,190.66295087214573,16.532919040567258,2.6849707049838107,0,0,44.2880734043292,0,0,0,0,0.1750224471814467,-0.03562815192050699,0.3158388424324133,0.234375,1.6422949113606689,0,1,1,1,0,0,0,0,0,,
21.040679999999703,1395,,,,-0.00390625,0.08203125,-0.984375,0.021645294395118624,193.64278780561673,16.528324843526697,2.8299347227854565,0,0,46.70996372571088,0,0,0,0,0.17731751924469152,-0.0398257876289522,0.3190887026277337,0.236328125,1.6881916705838442,0,1,1,1,0,0,0,0,0,,
21.15232499999972,1399,,,,-0.05078125,0.076171875,-0.94921875,0.02214079305266318,193.64278780561673,16.525341984345403,2.9195751751294807,0,0,48.12926361130748,0,0,0,0,0.17786618069199522,-0.04253831219375379,0.3190887026277337,0.23828125,1.7361601649812266,0,1,1,1,0,0,0,0,0,,
21.26553999999957,1402,,,,-0.03125,0.1484375,-0.98828125,0.022757272779597562,204.27487279875925,16.52308902764322,2.9953153794625313,0,0,49.42356781884432,0,0,0,0,0.18040090224492156,-0.04428866178065086,0.3306842330490006,0.25,1.7813394184474447,1,1,1,1,0,0,0,0,0,,
21.370379999999887,1406,,,,0.0078125,0.03515625,-0.990234375,0.022757272779597562,209.01976780180124,16.520427143977486,3.0415854939730043,0,0,50.05241039931616,0,0,0,0,0.18040090224492156,-0.04428866178065086,0.3358590952128167,0.25390625,1.8265862206321226,0,1,1,1,0,0,0,0,0,,
21.48502000000002,1410,,,,0.001953125,0.14453125,-0.98828125,0.023518793697826904,212.80897284154344,16.51694790862394,3.1049017057436696,0,0,51.122371299698315,0,0,0,0,0.18339622307969353,-0.046569889933308566,0.33999166585527185,0.259765625,1.8710810313489006,0,1,1,1,0,0,0,0,0,,
21.594569999999365,1413,,,,0.0390625,0.05859375,-1.005859375,0.02383862432209774,212.80897284154344,16.514238405992202,3.159517554337362,0,0,52.04561817992959,0,0,0,0,0.18403455654120918,-0.048071489728127414,0.33999166585527185,0.267578125,1.9176842972343935,0,1,1,1,0,0,0,0,0,,
21.711854999999982,1417,,,,-0.0703125,0.060546875,-1.00390625,0.02432611263965707,220.0470011893196,16.51190720051838,3.194147418992743,0,0,52.693656280716255,0,0,0,0,0.1863365897718473,-0.049194510690513324,0.34788558110809037,0.279296875,1.9626149783365794,0,1,1,1,0,0,0,0,0,,
21.827049999999815,1421,,,,-0.0546875,0.044921875,-0.943359375,0.02432611263965707,223.63110635144395,16.51072865463514,3.2981323582840583,0,0,54.27492769567541,0,0,0,0,0.1863365897718473,-0.049194510690513324,0.3517944663800985,0.29296875,2.0153185363957653,1,1,1,1,0,0,0,0,0,,
21.945534999999683,1425,,,,-0.025390625,-0.033203125,-0.978515625,0.025040805857859273,226.68966732057257,16.506628072081256,3.3990004341886544,0,0,56.03036222339763,0,0,0,0,0.1895365943426362,-0.05099438242747851,0.355130184330595,0.310546875,2.0666969702494202,0,1,1,1,0,0,0,0,0,,
22.05839500000002,1429,,,,-0.001953125,0.0546875,-1.025390625,0.025471613490043888,231.54033968372295,16.504713213779485,3.433324046393543,0,0,56.611396670220316,0,0,0,0,0.19083300237687864,-0.05263409451560513,0.36042040905949685,0.322265625,2.119700288455801,0,1,1,1,0,0,0,0,0,,
22.17632499999972,1433,,,,-0.0703125,0.00390625,-0.935546875,0.02583283065096295,231.54033968372295,16.501459569028718,3.5143743421828595,0,0,57.820285536425814,0,0,0,0,0.19168073316602025,-0.05421879132103371,0.36042040905949685,0.328125,2.1708031701370167,0,1,1,1,0,0,0,0,0,,
22.354659999999683,1437,,,,-0.0078125,0.025390625,-1.01953125,0.026404253509951046,237.37621492657584,16.497944537181528,3.655477337183239,0,0,60.09757752132694,0,0,0,0,0.19353060192324942,-0.05627940602213392,0.3667851125919522,0.345703125,2.2476557637144676,0,1,1,1,0,0,0,0,0,,
22.63769999999972,1443,,,,-0.0390625,0.0390625,-0.96875,0.026773454899709146,241.24859559657025,16.496506407450674,3.73805515691949,0,0,61.793004565139206,0,0,0,0,0.1942040581746146,-0.058068420664348946,0.3710083959733968,0.35546875,2.3128028066589192,0,1,1,1,0,0,0,0,0,,
22.75871999999974,1452,,,,-0.009765625,0.037109375,-0.97265625,0.027070174707493014,249.89317231820615,16.491377402499165,3.772069076391424,0,0,62.20778512924795,0,0,0,0,0.19544831322613412,-0.05888960847308003,0.3804363165006835,0.36328125,2.438312222149326,0,1,1,1,0,0,0,0,0,,
22.879869999999645,1456,,,,-0.0234375,0.068359375,-1.00390625,0.027070174707493014,252.59200735008673,16.487685970681902,3.8736150724492857,0,0,63.94822935946691,0,0,0,0,0.19544831322613412,-0.05888960847308003,0.38337971130370996,0.373046875,2.495776959616851,0,1,1,1,0,0,0,0,0,,
23.014949999999722,1460,,,,-0.013671875,0.099609375,-0.982421875,0.02768754413255067,253.9196886657908,16.48284196434086,4.024992927421383,0,0,66.18094001195377,0,0,0,0,0.19686943486503086,-0.06162242496677938,0.3848277028402641,0.3828125,2.5593813717622105,0,1,1,1,0,0,0,0,0,,
23.15407499999972,1465,,,,-0.015625,0.0859375,-0.96484375,0.02852889723022106,262.0276671196406,16.478068173869808,4.138966746888484,0,0,68.31218229587282,0,0,0,0,0.2002108073239489,-0.06411469402548532,0.39367040028645933,0.38671875,2.6285210776001304,0,1,1,1,0,0,0,0,0,,
23.282104999999515,1469,,,,-0.01171875,0.142578125,-0.986328125,0.028997925059262637,268.65330005081864,16.4749086466601,4.177186139574656,0,0,69.00088245768472,0,0,0,0,0.20187904053452438,-0.06567462981129685,0.40089642681495063,0.39453125,2.694995294562917,0,1,1,1,0,0,0,0,0,,
23.479564999999944,1475,,,,-0.009765625,0.044921875,-0.947265625,0.029538360594934185,275.19117545562966,16.470985921562402,4.280786222332761,0,0,70.54600252425946,0,0,0,0,0.20385935292300253,-0.06742110333829963,0.4080267435116131,0.412109375,2.7806996660190317,0,1,1,1,0,0,0,0,0,,
23.735874999999535,1480,,,,0.0234375,0.123046875,-0.990234375,0.030298627107710932,281.02292884974696,16.46794534568781,4.411971635811784,0,0,72.44997088830695,0,0,0,0,0.20721906786069785,-0.06937463812695,0.41438695168662565,0.431640625,2.9243697469340355,0,1,1,1,0,0,0,0,0,,
23.8705549999997,1489,,,,-0.052734375,0.05078125,-0.994140625,0.030673316745910322,283.1336295417669,16.46447804529073,4.4695655374326595,0,0,73.49963953882113,0,0,0,0,0.20797775229073617,-0.07112427428609329,0.4166889173029926,0.45703125,2.9867479979417886,0,1,1,1,0,0,0,0,0,,
23.99009999999963,1493,,,,-0.03125,0.0859375,-0.998046875,0.03091905372712535,287.12410253882206,16.460631939963754,4.588058925813745,0,0,75.48337184247009,0,0,0,0,0.2085389259246384,-0.07221597758676307,0.421040994159267,0.478515625,3.053912099853132,0,1,1,1,0,0,0,0,0,,
24.103079999999608,1497,,,,-0.05078125,0.0703125,-0.923828125,0.03186902700375543,289.8481918472395,16.455570054804948,4.790886161946223,0,0,78.75289960031077,0,0,0,0,0.21298661989174583,-0.07443801301282477,0.4240119317003397,0.486328125,3.127848656373926,1,1,1,1,0,0,0,0,0,,
24.219979999999516,1501,,,,-0.029296875,0.234375,-1.056640625,0.03186902700375543,293.9345923523158,16.45258202440105,4.920689716302999,0,0,81.14292050439855,0,0,0,0,0.21298661989174583,-0.07443801301282477,0.4284686287076204,0.498046875,3.1944254396000957,0,1,1,1,0,0,0,0,0,,
24.322909999999684,1505,,,,-0.0078125,0.150390625,-1.078125,0.03271116547369479,300.87868934181205,16.447358311343066,5.011313030438595,0,0,82.48439962793124,0,0,0,0,0.21579892760665845,-0.07739938397616478,0.43604197748557566,0.501953125,3.2604717864464616,0,1,1,1,0,0,0,0,0,,
24.43914999999944,1508,,,,-0.017578125,0.095703125,-0.94921875,0.03322417702763486,300.87868934181205,16.443343089543355,5.101058398256617,0,0,84.35580822883628,0,0,0,0,0.21775357352842323,-0.07899160726553256,0.43604197748557566,0.50390625,3.324643170766034,0,1,1,1,0,0,0,0,0,,
24.609994999999646,1512,,,,0.033203125,0.06640625,-0.97265625,0.03385359958567115,308.96732269607026,16.441253777472717,5.177868475022333,0,0,85.23700416909334,0,0,0,0,0.220058491371197,-0.0810269398492655,0.44486357684132466,0.505859375,3.414451862670494,0,1,1,1,0,0,0,0,0,,
24.895270000000018,1518,,,,0.03515625,0.134765625,-1.01171875,0.03437083989219135,315.3218057841376,16.437091079371363,5.2477549706621875,0,0,86.20153592260756,0,0,0,0,0.2220089721182823,-0.08265007295068892,0.45179388279793015,0.505859375,3.493178149678248,0,1,1,1,0,0,0,0,0,,
25.023154999999797,1527,,,,-0.02734375,0.099609375,-0.974609375,0.03517138681542274,322.58931671879924,16.429967171491754,5.402931932907737,0,0,88.85862497389773,0,0,0,0,0.2255225800458261,-0.08472825772595245,0.4597199522550603,0.484375,3.6602440972933934,0,1,1,1,0,0,0,0,0,,
25.13366499999957,1531,,,,0.021484375,0.021484375,-0.927734375,0.03569070613007893,326.8119345208246,16.4267539421932,5.492213461718821,0,0,90.35015669893168,0,0,0,0,0.22771872468528478,-0.08614932069892904,0.46432521013367467,0.46875,3.7348489700266483,0,1,1,1,0,0,0,0,0,,
25.252289999999572,1535,,,,0.013671875,0.068359375,-0.98828125,0.03569070613007893,329.4325486769977,16.42189472478812,5.629326291702297,0,0,92.43802973279256,0,0,0,0,0.22771872468528478,-0.08614932069892904,0.46718329593621555,0.458984375,3.804234312109403,0,1,1,1,0,0,0,0,0,,
25.36352499999944,1539,,,,0.021484375,0.009765625,-1.01171875,0.03635135385503876,334.5379724906344,16.416513704517804,5.73757639420209,0,0,94.14876714054445,0,0,0,0,0.22933009812890592,-0.0889942200562661,0.4727513568746549,0.455078125,3.8789985758279384,0,1,1,1,0,0,0,0,0,,
25.483364999999758,1543,,,,-0.025390625,0.13671875,-1,0.03675156719512018,334.5379724906344,16.410821399107245,5.83801086657854,0,0,95.71627784208003,0,0,0,0,0.2311454067706099,-0.0899816107989992,0.4727513568746549,0.443359375,3.9496654197012977,0,1,1,1,0,0,0,0,0,,
25.593514999999666,1547,,,,-0.033203125,0.052734375,-0.95703125,0.03721051477548263,344.18311199341457,16.407798120696118,5.959765115653198,0,0,97.68702153230257,0,0,0,0,0.23219915609430924,-0.0920155344392181,0.48327050797192184,0.44140625,4.029154914205786,0,1,1,1,0,0,0,0,0,,
25.720784999999683,1550,,,,-0.021484375,0.09765625,-0.9765625,0.03721051477548263,349.23027376549715,16.4060476073636,6.146378483142823,0,0,100.68332943774713,0,0,0,0,0.23219915609430924,-0.0920155344392181,0.48877502734954026,0.44140625,4.107635199123766,0,1,1,1,0,0,0,0,0,,
26.17577499999944,1560,,,,0.015625,0.048828125,-1.009765625,0.038308586175769065,361.4682861603058,16.397950408797733,6.3599851736832775,0,0,104.77606498920368,0,0,0,0,0.23431919330498244,-0.09723371594531102,0.5021220091608568,0.4296875,4.310572807738051,0,1,1,1,0,0,0,0,0,,
26.29954999999935,1570,,,,0.005859375,0.07421875,-0.99609375,0.03909592798554679,366.8112382155653,16.39093605249394,6.462048932639705,0,0,105.86335536945609,0,0,0,0,0.2377360342034267,-0.0993116605646621,0.5079491223880452,0.41796875,4.499027627944717,0,1,1,1,0,0,0,0,0,,
26.416894999999553,1574,,,,-0.04296875,0.037109375,-0.96484375,0.039427720302592846,369.6330963413054,16.386481764609663,6.56203855411806,0,0,107.60214455037786,0,0,0,0,0.2390901211241712,-0.1002625764312023,0.5110266882429667,0.41015625,4.579522532190921,0,1,1,1,0,0,0,0,0,,
26.60518499999959,1578,,,,0.03125,0.046875,-0.994140625,0.039995353791564,369.6330963413054,16.380238704395417,6.708783210588976,0,0,109.81603540390435,0,0,0,0,0.23982031530363027,-0.10328082700934138,0.5110266882429667,0.404296875,4.679659982610149,0,1,1,1,0,0,0,0,0,,
26.87564500000002,1584,,,,-0.064453125,0.060546875,-0.95703125,0.04118874298815409,377.5591507314727,16.37427674753915,6.876094153875564,0,0,112.60285533635076,0,0,0,0,0.24638142507585717,-0.1052181422331792,0.5196709762505474,0.416015625,4.793369724843187,0,1,1,1,0,0,0,0,0,,
27.005719999999272,1593,,,,-0.005859375,0.0625,-0.98046875,0.04188654315243159,387.8569088599683,16.368569877957793,7.015182242815501,0,0,114.78406034176811,0,0,0,0,0.24936010521563873,-0.10710325168436158,0.5309018841794094,0.42578125,4.981791432361355,0,1,1,1,0,0,0,0,0,,
27.11989999999944,1597,,,,-0.03515625,0.134765625,-1.03515625,0.04210984041882089,389.83756526598705,16.36354865100116,7.120531956638981,0,0,116.22189949876866,0,0,0,0,0.24970542702958792,-0.10823964152162907,0.5330620213138361,0.44140625,5.065102614094045,1,1,1,1,0,0,0,0,0,,
27.239214999999852,1601,,,,-0.03515625,0.01953125,-0.91796875,0.04284341388094798,391.69310812190537,16.357345292387144,7.282207311108801,0,0,118.86194662705888,0,0,0,0,0.2523609690496075,-0.11063875156997298,0.5350857075096898,0.455078125,5.151535124746506,0,1,1,1,0,0,0,0,0,,
27.342769999999554,1605,,,,-0.05078125,0.068359375,-0.99609375,0.04284341388094798,396.5727419913631,16.352228598155904,7.414069936558153,0,0,121.04548352775316,0,0,0,0,0.2523609690496075,-0.11063875156997298,0.540407518143675,0.474609375,5.234464657762066,0,1,1,1,0,0,0,0,0,,
27.46475,1609,,,,0.0625,0.1015625,-1.00390625,0.043774036063588206,403.07284682719063,16.348277366784416,7.604733994409879,0,0,123.85915199253319,0,0,0,0,0.25495744834484607,-0.11435974905499917,0.5474966416235829,0.470703125,5.320465110794416,0,1,1,1,0,0,0,0,0,,
27.911794999999927,1619,,,,-0.021484375,0.029296875,-0.94921875,0.044944158450973604,416.9659809038513,16.337909644904734,7.823059883399101,0,0,127.4434911781864,0,0,0,0,0.2588946704004431,-0.11844849472631265,0.5626487269329613,0.46875,5.546109460441519,0,1,1,1,0,0,0,0,0,,
28.041624999999534,1628,,,,-0.02734375,0.064453125,-0.99609375,0.045680851825046734,424.15393108311673,16.330034416788685,8.00602302404084,0,0,130.44106696630573,0,0,0,0,0.2622793331003477,-0.12022820654914654,0.5704880260943188,0.498046875,5.754902530815887,0,1,1,1,0,0,0,0,0,,
28.171284999999685,1632,,,,0.083984375,0.03125,-0.9765625,0.04611925995148382,427.07439608387796,16.322988554492575,8.216770278646258,0,0,133.9066450675725,0,0,0,0,0.2639039364440361,-0.12162904957494915,0.5736731342628872,0.52734375,5.856336059219067,0,1,1,1,0,0,0,0,0,,
28.320814999999943,1636,,,,0.03125,0.05859375,-0.99609375,0.046641862246878614,430.6104424325418,16.316758106244688,8.369356683028348,0,0,136.3073191261131,0,0,0,0,0.26470992884571454,-0.12429056794905594,0.5775296057859598,0.55078125,5.964426150644861,0,1,1,1,0,0,0,0,0,,
28.447209999999497,1641,,,,0.033203125,0.046875,-1,0.047335198098737624,437.71855402811184,16.31136963550172,8.520772928444469,0,0,138.75982471259596,0,0,0,0,0.2675636083443018,-0.1262565399028113,0.5852818316473363,0.576171875,6.086253522745106,0,1,1,1,0,0,0,0,0,,
28.56719999999972,1646,,,,-0.052734375,0.015625,-0.982421875,0.047335198098737624,442.8857394163634,16.30596784368874,8.656692973613897,0,0,140.90571150148833,0,0,0,0,0.2675636083443018,-0.1262565399028113,0.5909172507961148,0.60546875,6.1898924149876775,0,1,1,1,0,0,0,0,0,,
28.67707999999961,1650,,,,0.015625,0.09375,-0.984375,0.04792497463559137,449.937231527889,16.298835284450924,8.80926615729364,0,0,143.39655141274858,0,0,0,0,0.2690490142022617,-0.1287551222175112,0.5986077264974713,0.630859375,6.292258409999242,0,1,1,1,0,0,0,0,0,,
28.800534999999684,1653,,,,-0.052734375,0.0546875,-1.0234375,0.048214685217968754,449.937231527889,16.295299659396292,8.92971942888513,0,0,145.3604606145072,0,0,0,0,0.2693179532505085,-0.1303865761143804,0.5986077264974713,0.662109375,6.385299098594143,0,1,1,1,0,0,0,0,0,,
28.910759999999776,1657,,,,-0.017578125,0.03125,-0.9921875,0.0486416688181203,457.3537266519231,16.290605277790828,9.096833484749972,0,0,147.96452259539353,0,0,0,0,0.2707818995977244,-0.1318546933531867,0.6066962806131864,0.705078125,6.4955165981977805,0,1,1,1,0,0,0,0,0,,
29.030875,1661,,,,-0.02734375,0.0703125,-0.99609375,0.0490275883069112,462.54668567769954,16.283935134646292,9.255990239443634,0,0,150.78072944768775,0,0,0,0,0.27205022560918624,-0.13322970806049766,0.6123598089238252,0.7578125,6.595027857456323,0,1,1,1,0,0,0,0,0,,
29.151659999999683,1665,,,,-0.0625,0.064453125,-0.9453125,0.0490275883069112,467.96128383279773,16.277209048867068,9.39183882596815,0,0,152.8290921828057,0,0,0,0,0.27205022560918624,-0.13322970806049766,0.6182650605905371,0.81640625,6.70475593538096,0,1,1,1,0,0,0,0,0,,
29.49634499999974,1670,,,,-0.05078125,0.06640625,-0.904296875,0.050429462695728754,476.4823268861363,16.272466282561112,9.516102267626248,0,0,154.85355433392118,0,0,0,0,0.27876997330648445,-0.13637168082959575,0.6275582532248737,0.900390625,6.846548816809266,0,1,1,1,0,0,0,0,0,,
29.61707999999961,1681,,,,-0.005859375,0.09375,-0.71484375,0.051016209567506576,485.23043193537006,16.26453227959952,9.746495781391411,0,0,158.58276111215596,0,0,0,0,0.2799542747257986,-0.13911483237962954,0.6370990834846256,1.05859375,7.116032573662226,0,1,1,1,0,0,0,0,0,,
29.72882499999972,1685,,,,-0.095703125,0.046875,-0.580078125,0.051016209567506576,488.7408112084524,16.26130588660851,9.95175944769048,0,0,161.68631305891628,0,0,0,0,0.2799542747257986,-0.13911483237962954,0.6409275620640824,1.185546875,7.229773594084147,0,1,1,1,0,0,0,0,0,,
29.858504999999422,1688,,,,-0.0703125,0.09375,-0.47265625,0.051900426365625044,490.96247468721384,16.24946606708533,10.136721788848309,0,0,165.06654559014953,0,0,0,0,0.2825547267756398,-0.14253323798943698,0.6433505455588919,1.25,7.33601014433842,0,1,1,1,0,0,0,0,0,,
30.386619999999645,1693,,,,0.0703125,0.052734375,-0.40625,0.05268266821004499,490.96247468721384,16.2429110415332,10.32072109121593,0,0,167.725643619233,0,0,0,0,0.28413349128919363,-0.14619047725548717,0.6433505455588919,1.314453125,7.460046777229551,0,1,1,1,0,0,0,0,0,,
30.627669999999924,1710,,,,-0.033203125,0.0625,-0.359375,0.054020422119166,506.7687329164893,16.23270845564346,10.52790525246619,0,0,170.50078982132823,0,0,0,0,0.2906066505346275,-0.1491354407844895,0.6605891161931727,1.40625,8.036639364726813,0,1,1,1,0,0,0,0,0,,
30.744009999999776,1718,,,,-0.04296875,0.09765625,-0.41796875,0.053835027972666046,511.3395157339331,16.227339788533587,10.60217098303466,0,0,171.6700158789843,0,0,0,0,0.2884014220379562,-0.1498746705925124,0.6655740886837855,1.53125,8.13248278673104,0,1,1,1,0,0,0,0,0,,
30.87022499999963,1722,,,,-0.0390625,0.146484375,-0.55859375,0.05478053579508735,511.3395157339331,16.211381945419227,11.114607717426711,0,0,179.5627922013649,0,0,0,0,0.29089269453959427,-0.15378389024323932,0.6655740886837855,1.53515625,8.257994316977449,0,1,1,1,0,0,0,0,0,,
30.98637000000011,1726,,,,0.080078125,0.0625,-0.6484375,0.05662986995451716,516.4516258968583,16.19703603450497,11.481112803919164,0,0,185.55446020084423,0,0,0,0,0.29952973219350115,-0.15812833489062325,0.6711494418670323,1.5078125,8.395635906864932,0,1,1,1,0,0,0,0,0,,
31.182299999999813,1732,,,,-0.080078125,0.080078125,-0.849609375,0.05789736437207992,532.4268629840045,16.191043684431495,11.816268915450497,0,0,191.10042075375935,0,0,0,0,0.30432935000971073,-0.16208829255046353,0.688572303681101,1.45703125,8.574881725585158,0,1,1,1,0,0,0,0,0,,
31.45434999999963,1737,,,,-0.025390625,0.068359375,-0.84375,0.05850435305910697,545.4028475029367,16.18289075610498,11.97527312941038,0,0,193.48221684317042,0,0,0,0,0.3067831311568632,-0.1638484597177631,0.7027241302825824,1.39453125,8.74530017598082,0,1,1,1,0,0,0,0,0,,
31.576459999999496,1746,,,,-0.021484375,0.060546875,-0.908203125,0.05915729543735991,555.878206040556,16.170662697497487,12.119464800624385,0,0,195.7726750808504,0,0,0,0,0.30927920085517113,-0.16586773182109282,0.7141487321997969,1.32421875,9.021442209818181,0,1,1,1,0,0,0,0,0,,
31.68845499999961,1750,,,,0.0546875,0.0390625,-0.94921875,0.05915729543735991,563.7063352056302,16.163224877844616,12.271666538696609,0,0,198.19058982727995,0,0,0,0,0.30927920085517113,-0.16586773182109282,0.722686221312588,1.275390625,9.147045782025593,0,1,1,1,0,0,0,0,0,,
31.80456999999983,1754,,,,0.021484375,0.03515625,-1.0625,0.05984411638532337,568.3857271296135,16.155508922954024,12.551029545243779,0,0,202.9995844302542,0,0,0,0,0.30987593826515686,-0.16977126318321276,0.7277896447184934,1.2421875,9.272444517976743,0,1,1,1,0,0,0,0,0,,
31.913834999999498,1757,,,,-0.033203125,0.12890625,-0.88671875,0.0604181389931149,568.3857271296135,16.146104221814767,12.734264793885888,0,0,205.49304966619758,0,0,0,0,0.31076867866036956,-0.17268812664426153,0.7277896447184934,1.212890625,9.403918075918801,0,1,1,1,0,0,0,0,0,,
32.03131999999983,1761,,,,0.0625,0.01953125,-0.97265625,0.06119366523828703,576.3407445032092,16.1384678399586,13.070814520506307,0,0,210.82660527268763,0,0,0,0,0.3139355201150145,-0.17490918679328166,0.7364655202421305,1.17578125,9.538444903460498,0,1,1,1,0,0,0,0,0,,
32.14147999999952,1765,,,,0.015625,0.091796875,-0.982421875,0.06119366523828703,582.6895861065477,16.129397155151413,13.20481122851113,0,0,212.8134611318306,0,0,0,0,0.3139355201150145,-0.17490918679328166,0.7433896735007622,1.14453125,9.677497849533834,0,1,1,1,0,0,0,0,0,,
32.26490999999968,1769,,,,-0.03515625,0.0078125,-1.044921875,0.06230691724657345,588.5236857468964,16.126596464737336,13.355889098196812,0,0,215.26090631775594,0,0,0,0,0.3186954257651507,-0.17790980137905515,0.7497524405313115,1.134765625,9.806902721381515,1,1,1,1,0,0,0,0,0,,
32.38152999999933,1773,,,,-0.0390625,-0.025390625,-0.994140625,0.06283039069803951,588.5236857468964,16.120814934223446,13.689174669138056,0,0,222.1536364322049,0,0,0,0,0.32061564477428367,-0.17959965281920082,0.7497524405313115,1.107421875,9.966995300836501,0,1,1,1,0,0,0,0,0,,
32.507744999999645,1777,,,,-0.048828125,0.1640625,-0.94921875,0.06313788899670018,597.5312085502451,16.113555389995952,13.84680454840561,0,0,223.59272886696942,0,0,0,0,0.32232916481937657,-0.1800787240045999,0.7595761961496922,1.080078125,10.112635083828973,1,1,1,1,0,0,0,0,0,,
32.6395549999997,1781,,,,0.044921875,0.048828125,-1.00390625,0.06372568479970575,600.8850632455291,16.105280422852392,13.981392794073368,0,0,225.25999502953076,0,0,0,0,0.32598590399082333,-0.18066007498884867,0.7632339663963331,1.052734375,10.269413275967562,0,1,1,1,0,0,0,0,0,,
32.75632999999961,1785,,,,0.01953125,0.078125,-1.0078125,0.06372568479970575,604.7873693835904,16.09730157674684,14.09545512928167,0,0,226.8267678249143,0,0,0,0,0.32598590399082333,-0.18066007498884867,0.7674898869957426,1.0234375,10.423135625707873,1,1,1,1,0,0,0,0,0,,
32.86733499999996,1789,,,,0.06640625,0.197265625,-1.01171875,0.06442637422140221,610.7988303823,16.090607888514647,14.24502140969997,0,0,229.37752030804597,0,0,0,0,0.32831733150210923,-0.1831315089440557,0.7740460873018683,1.017578125,10.569754686800268,0,1,1,1,0,0,0,0,0,,
33.322669999999924,1799,,,,-0.046875,0.083984375,-0.9609375,0.0662673211855154,626.3979336437468,16.0690672583572,14.767358250822811,0,0,237.14377082685067,0,0,0,0,0.3325129061863585,-0.19131747627493798,0.7910587312498102,0.97265625,11.111963008969463,0,1,1,1,0,0,0,0,0,,
33.445129999999885,1808,,,,-0.0234375,0.080078125,-0.974609375,0.06735854468842299,635.5509305711936,16.062099640093017,14.991326859964481,0,0,240.57974682209016,0,0,0,0,0.3371752174611206,-0.19426170491003059,0.8010411433906487,0.96875,11.275667858835837,0,1,1,1,0,0,0,0,0,,
33.59210999999987,1812,,,,0.017578125,0.072265625,-0.974609375,0.06806534870057278,635.5509305711936,16.051685305902247,15.249986346072456,0,0,244.24159104842852,0,0,0,0,0.33938126692056064,-0.19688251905032356,0.8010411433906487,0.96875,11.430498693468593,0,1,1,1,0,0,0,0,0,,
33.7162799999998,1817,,,,0.12109375,-0.25390625,-1.05078125,0.06913764695518765,647.5394622107095,16.03848034689147,15.531908833959491,0,0,248.97251573128665,0,0,0,0,0.34420627452768143,-0.19956206433684348,0.8141160373011083,0.953125,11.620984528924899,0,1,1,1,0,0,0,0,0,,
33.86311999999965,1821,,,,-0.00390625,0.037109375,-0.953125,0.06966655147061188,652.949892329841,16.030325361436766,15.769176633433442,0,0,252.76162735190053,0,0,0,0,0.3477750557468157,-0.1998409770721662,0.8200167432378074,0.943359375,11.792959546345735,0,1,1,1,0,0,0,0,0,,
33.97310999999987,1826,,,,0.048828125,0.017578125,-1.001953125,0.0703941508783898,661.0342644931413,16.021276847566977,16.0152058398972,0,0,256.4065880236883,0,0,0,0,0.350074085474183,-0.20251427612283354,0.8288336952671463,0.94140625,11.986632033815493,0,1,1,1,0,0,0,0,0,,
34.095694999999836,1830,,,,-0.015625,0.103515625,-1.046875,0.0703941508783898,668.5511422924309,16.014143578046045,16.21363017100626,0,0,259.3859444445441,0,0,0,0,0.350074085474183,-0.20251427612283354,0.8370317284140621,0.94140625,12.139826355137156,0,1,1,1,0,0,0,0,0,,
34.20882499999972,1834,,,,-0.05078125,0.1875,-0.97265625,0.0710443056111659,675.0976062520182,16.00525899475016,16.40617887182108,0,0,262.2576179176664,0,0,0,0,0.3507012145078354,-0.2061548178939845,0.8441714119327777,0.94140625,12.309497132173387,0,1,1,1,0,0,0,0,0,,
34.32415999999969,1838,,,,0.294921875,-0.0859375,-1.125,0.07130270086483076,675.0976062520182,16.000021119354045,16.574753340713215,0,0,264.963473157882,0,0,0,0,0.3512376050824385,-0.2073498475799894,0.8441714119327777,0.94140625,12.45962971352257,0,1,1,1,0,0,0,0,0,,
34.435524999999906,1841,,,,0.025390625,0.15625,-1.04296875,0.07194816320015233,684.173338759553,15.992487128180528,16.737336180311445,0,0,267.43605729778426,0,0,0,0,0.3540902005679709,-0.20900820002949758,0.8540695581998812,0.9375,12.619380566846875,0,1,1,1,0,0,0,0,0,,
34.55327499999944,1845,,,,-0.009765625,0.005859375,-0.978515625,0.07259773274959758,686.4989484344874,15.98485797091556,16.958919856049135,0,0,270.879849903777,0,0,0,0,0.3561654699240321,-0.2113748141107356,0.8566059071616404,0.947265625,12.77477983997064,0,1,1,1,0,0,0,0,0,,
34.66194999999972,1849,,,,-0.05078125,0.060546875,-1.005859375,0.07259773274959758,691.8027930887661,15.978376621140875,17.07690424661177,0,0,272.64877224603447,0,0,0,0,0.3561654699240321,-0.2113748141107356,0.8623903692006506,0.943359375,12.935312987316815,0,1,1,1,0,0,0,0,0,,
34.78020999999996,1853,,,,-0.009765625,0.0625,-1.013671875,0.07312485054469232,696.0535462675591,15.97156875319556,17.21450658780976,0,0,274.7315029504218,0,0,0,0,0.35883476267543857,-0.21243114684587233,0.8670263119936007,0.943359375,13.08312936380679,0,1,1,1,0,0,0,0,0,,
34.98175999999931,1858,,,,0.037109375,-0.041015625,-1.03125,0.07338825438369394,701.2507045697788,15.96278733603796,17.403999251967043,0,0,277.5997735685672,0,0,0,0,0.3595276685310887,-0.21352118084144,0.8726944201056405,0.912109375,13.313874227703591,0,1,1,1,0,0,0,0,0,,
35.239259999999774,1863,,,,-0.029296875,0.123046875,-0.96484375,0.07394130890622454,706.878747148013,15.955645641893282,17.573555804656017,0,0,280.20914891914833,0,0,0,0,0.36175236831317586,-0.2151346396208738,0.8788324578442581,0.908203125,13.518142802528496,0,1,1,1,0,0,0,0,0,,
35.358834999999964,1872,,,,0.0625,0.056640625,-0.984375,0.07465406699986347,712.7388199009096,15.944866022452198,17.81381930610654,0,0,283.85929708107295,0,0,0,0,0.36504489530100814,-0.2168408875498506,0.8852235515874777,0.880859375,13.858218714594635,1,1,1,1,0,0,0,0,0,,
35.471069999999834,1876,,,,-0.025390625,0.021484375,-0.9375,0.07503801038407344,715.8778278666647,15.937244422667229,17.984986901458768,0,0,286.4474597701741,0,0,0,0,0.36673137610996664,-0.21783640395023773,0.8886470063833138,0.880859375,14.01507228078831,1,1,1,1,0,0,0,0,0,,
35.58869999999972,1880,,,,-0.146484375,0.130859375,-0.89453125,0.07503801038407344,717.5454278558387,15.927149065439833,18.299125109429852,0,0,291.34438263247637,0,0,0,0,0.36673137610996664,-0.21783640395023773,0.8904657189328696,0.88671875,14.171989156186793,0,1,1,1,0,0,0,0,0,,
35.701244999999645,1884,,,,0.1875,-0.1171875,-1.150390625,0.07577213198420653,722.0621328926051,15.916721810275405,18.542769394690453,0,0,294.98983301772057,0,0,0,0,0.3678855322572802,-0.22155590428950858,0.8953917132878332,0.888671875,14.342216187010079,0,1,1,1,0,0,0,0,0,,
35.82374499999965,1887,,,,-0.091796875,0.251953125,-0.904296875,0.07623872717123141,722.0621328926051,15.908169288682771,18.766950974222716,0,0,298.41354424351204,0,0,0,0,0.3688475557965677,-0.2237195730022032,0.8953917132878332,0.876953125,14.500874237017014,0,1,1,1,0,0,0,0,0,,
35.93968999999948,1891,,,,0.462890625,-0.658203125,-1.314453125,0.07721008518904608,735.354037644121,15.899989514962144,18.97395688345747,0,0,301.497507630267,0,0,0,0,0.37290175533719905,-0.2264245762497277,0.9098880877997181,0.87109375,14.679804432098738,0,1,1,1,0,0,0,0,0,,
36.05348499999987,1895,,,,-0.052734375,-0.205078125,-0.8203125,0.07768099560308937,740.6883918101631,15.893547174516517,19.133620453120532,0,0,303.9056430527314,0,0,0,0,0.37513280282395395,-0.22750300500693799,0.9157058240245554,0.8515625,14.839558775255899,0,1,1,1,0,0,0,0,0,,
36.17115499999979,1899,,,,0.41796875,-0.654296875,-1.232421875,0.07768099560308937,747.2511055594117,15.88485834817688,19.316243580974955,0,0,306.6939482379596,0,0,0,0,0.37513280282395395,-0.22750300500693799,0.9228632298367324,0.837890625,15.009149627018305,0,1,1,1,0,0,0,0,0,,
36.35858999999985,1903,,,,-0.08984375,0.10546875,-1.1015625,0.07882444557689698,753.0935858381725,15.876146184801865,19.5396727175266,0,0,310.10869565303636,0,0,0,0,0.37830892649247466,-0.23208738796940123,0.9292351369322568,0.845703125,15.217154687062958,0,1,1,1,0,0,0,0,0,,
36.62859499999974,1909,,,,0.00390625,0.18359375,-0.857421875,0.07939400121813885,761.3606442478283,15.867120929166047,19.742705868782398,0,0,313.05953057176293,0,0,0,0,0.37959112166572917,-0.2346338708212474,0.9382513296494315,0.82421875,15.44973262660516,0,1,1,1,0,0,0,0,0,,
36.7525849999995,1918,,,,0.037109375,0.02734375,-1.037109375,0.08034917619752524,769.6719630607015,15.855889784978014,19.97260022939734,0,0,316.4915450658086,0,0,0,0,0.3829180305691026,-0.23787246837334494,0.9473157935055498,0.8046875,15.821884177735493,0,1,1,1,0,0,0,0,0,,
36.87488999999967,1922,,,,0.025390625,0.033203125,-1.033203125,0.08072323762910755,770.8739061538831,15.8484203427048,20.13186677129147,0,0,318.8559080067356,0,0,0,0,0.38408471918931447,-0.23926019718669053,0.9486266528252983,0.794921875,15.992408292403027,0,1,1,1,0,0,0,0,0,,
36.99306999999983,1926,,,,-0.009765625,0.115234375,-0.97265625,0.08114940105478559,770.8739061538831,15.837637886174175,20.431533816961874,0,0,323.4666280002775,0,0,0,0,0.38490596019169954,-0.2412867412699334,0.9486266528252983,0.78125,16.166751803267122,0,1,1,1,0,0,0,0,0,,
37.10581499999994,1930,,,,-0.033203125,0.130859375,-0.96875,0.08190068784048937,771.657242084367,15.82932282644804,20.65014768636285,0,0,326.7540954420502,0,0,0,0,0.387931446413469,-0.2434755470990052,0.9494809721444023,0.7734375,16.337607286724438,0,1,1,1,0,0,0,0,0,,
37.22302499999944,1934,,,,0.115234375,-0.013671875,-1.072265625,0.08190068784048937,775.9947406365682,15.821674593121593,20.829974723167055,0,0,329.4061634690737,0,0,0,0,0.387931446413469,-0.2434755470990052,0.9542115208981687,0.7734375,16.49949004076118,0,1,1,1,0,0,0,0,0,,
37.33621999999974,1938,,,,0.20703125,0.091796875,-1.052734375,0.08265676962098177,781.5841560968809,15.813703597519991,21.015803147817103,0,0,332.1209719590032,0,0,0,0,0.39100039452741664,-0.2456571390353712,0.9603074312533773,0.77734375,16.6721159713546,0,1,1,1,0,0,0,0,0,,
37.458904999999795,1942,,,,-0.07421875,0.1171875,-0.99609375,0.08304612068847454,781.5841560968809,15.806283334896897,21.18840408758129,0,0,334.7128870588498,0,0,0,0,0.39199775611376964,-0.24729193349272222,0.9603074312533773,0.77734375,16.83385751529356,1,1,1,1,0,0,0,0,0,,
37.57077499999944,1946,,,,-0.029296875,0.06640625,-0.953125,0.08348186335987971,789.27467027274,15.797242233886708,21.415168752854427,0,0,338.12614010486465,0,0,0,0,0.3935228644274637,-0.24876286278347318,0.9686948351481802,0.779296875,17.015609111064656,0,1,1,1,0,0,0,0,0,,
37.69417499999982,1950,,,,-0.001953125,0.0859375,-1.048828125,0.08348186335987971,792.0379337580661,15.787606523283205,21.741301649461207,0,0,342.9316922530885,0,0,0,0,0.3935228644274637,-0.24876286278347318,0.9717084967043793,0.787109375,17.18923953307166,0,1,1,1,0,0,0,0,0,,
38.04085499999952,1954,,,,-0.05859375,0.083984375,-0.912109375,0.08443160698382086,798.766153306186,15.77965771939796,21.874392454251087,0,0,344.94258743509465,0,0,0,0,0.39728728079102776,-0.2515827169849195,0.9790464059198818,0.787109375,17.42020649518886,0,1,1,1,0,0,0,0,0,,
38.16330999999959,1965,,,,0.005859375,0.103515625,-0.96484375,0.0851100744520029,810.4662168603298,15.765990837537897,22.17028263569939,0,0,349.3205661017899,0,0,0,0,0.3994854592683599,-0.2540277906172381,0.9918066916926475,0.783203125,17.875322418171343,0,1,1,1,0,0,0,0,0,,
38.2764299999997,1969,,,,-0.056640625,0.08203125,-0.95703125,0.0851100744520029,813.2962845536633,15.758893865029016,22.281101876265616,0,0,350.8717150485701,0,0,0,0,0.3994854592683599,-0.2540277906172381,0.9948932110398366,0.779296875,18.043901931143303,0,1,1,1,0,0,0,0,0,,
38.39484499999974,1973,,,,0.05078125,0.224609375,-0.8671875,0.08559912196129164,815.452314520579,15.746577050366707,22.596619104323416,0,0,355.6467960946553,0,0,0,0,0.40034185138528383,-0.256428825229774,0.9972446135245475,0.78125,18.211454094926413,0,1,1,1,0,0,0,0,0,,
38.506014999999664,1977,,,,-0.04296875,0.033203125,-0.958984375,0.08601385366092265,815.452314520579,15.734988506123727,22.898415305617156,0,0,360.15948222337386,0,0,0,0,0.4008694432742673,-0.25863924377035324,0.9972446135245475,0.779296875,18.395283416604816,0,1,1,1,0,0,0,0,0,,
38.62892499999981,1981,,,,0.0390625,0.109375,-0.943359375,0.0867611683458557,821.5402518235629,15.726264304798018,23.120789360159733,0,0,363.4430241262994,0,0,0,0,0.40449352359341467,-0.2602774237225276,1.0038842201722602,0.77734375,18.56659246501364,0,1,1,1,0,0,0,0,0,,
38.74823999999976,1985,,,,-0.04296875,0.0546875,-0.89453125,0.08725555130037115,828.319162514411,15.717614339699438,23.345576264676158,0,0,366.80467209902247,0,0,0,0,0.406502692736432,-0.26170175376092447,1.011277413999198,0.7890625,18.754274147103292,0,1,1,1,0,0,0,0,0,,
38.89789500000002,1989,,,,0.0078125,0,-0.986328125,0.08725555130037115,834.066432467847,15.708882690643378,23.566001856202874,0,0,370.0746319804922,0,0,0,0,0.406502692736432,-0.26170175376092447,1.017545483115207,0.787109375,18.940035363493134,0,1,1,1,0,0,0,0,0,,
39.03992499999981,1994,,,,-0.017578125,0.048828125,-0.908203125,0.08784242860397881,840.5302277829916,15.699067251765372,23.79646040236869,0,0,373.4213096498352,0,0,0,0,0.40979557029396263,-0.26259632553811885,1.02459500682217,0.810546875,19.175341900562174,0,1,1,1,0,0,0,0,0,,
39.18504499999946,1999,,,,-0.1015625,0.15625,-0.802734375,0.08823597552470933,844.6939432496988,15.690448521388074,23.98740610254709,0,0,376.16118593799945,0,0,0,0,0.41047343794207497,-0.2645383908692549,1.029136024824833,0.814453125,19.387407430756852,0,1,1,1,0,0,0,0,0,,
39.31810499999951,2000,,,,-0.00390625,0.01171875,-0.91015625,0.08882983166590643,850.0112471961268,15.679209784427204,24.297117580984228,0,0,380.76337674769263,0,0,0,0,0.4124049809478402,-0.2666719639783246,1.0349351657938617,0.828125,19.618029486200378,0,1,1,1,0,0,0,0,0,,
39.78415999999968,2000,,,,-0.015625,0.05859375,-0.849609375,0.09027055153667322,866.5361373564473,15.6559555878295,24.770793831702296,0,0,387.61973082108534,0,0,0,0,0.4190098718402829,-0.27016505681572023,1.0529574884789867,0.84765625,20.326689585024962,0,1,1,1,0,0,0,0,0,,
39.895849999999626,2000,,,,-0.03515625,0.068359375,-0.9453125,0.09063650163908293,868.8634209534445,15.65229199638786,24.78551464447151,0,0,387.7987209518548,0,0,0,0,0.42018248472633846,-0.27149530765593594,1.0554956630482553,0.8515625,20.503257660805115,0,1,1,1,0,0,0,0,0,,
40.01134999999963,2000,,,,0.001953125,0.060546875,-0.97265625,0.0908737732492171,869.8423888774755,15.649391758246907,24.772781796001013,0,0,387.53033147037775,0,0,0,0,0.4211678154513867,-0.27216042129577006,1.0565633419044596,0.84375,20.6501362765806,0,1,1,1,0,0,0,0,0,,
40.123069999999835,2000,,,,-0.046875,0.16015625,-0.828125,0.09085602870241695,869.8423888774755,15.647843578387214,24.72706090750338,0,0,386.77088390005025,0,0,0,0,0.42168438541487585,-0.27159296759075285,1.0565633419044596,0.849609375,20.795731765232237,0,1,1,1,0,0,0,0,0,,
40.2486799999997,2000,,,,-0.0703125,0.015625,-0.849609375,0.09074004240911546,865.8762026452938,15.646516345236666,24.67742609751088,0,0,385.9799680984195,0,0,0,0,0.4209481438209557,-0.27149112765004463,1.0522377526017654,0.861328125,20.928237391727606,0,1,1,1,0,0,0,0,0,,
40.36157499999972,2000,,,,0.01171875,0.015625,-0.85546875,0.09074004240911546,865.019993286262,15.644789378002947,24.641593977188126,0,0,385.35234792959824,0,0,0,0,0.4209481438209557,-0.27149112765004463,1.051303956297839,0.8671875,21.070869828058267,0,1,1,1,0,0,0,0,0,,
40.492330000000074,2000,,,,-0.01171875,0.06640625,-0.916015625,0.09067987316286562,863.7026400807283,15.642064975245567,24.609912404534004,0,0,384.8121748327162,0,0,0,0,0.42004311190959703,-0.2718971033305269,1.0498672287716604,0.8671875,21.191174014033333,0,1,1,1,0,0,0,0,0,,
40.95963499999978,2000,,,,0,0.1640625,-0.8828125,0.09033151187331254,858.5342323038266,15.636144241694005,24.529613520559025,0,0,383.3774157120007,0,0,0,0,0.41865564629267815,-0.2708686678902489,1.0442304764652943,0.869140625,21.657639636890217,0,1,1,1,0,0,0,0,0,,
41.08007999999961,2000,,,,-0.056640625,0.00390625,-0.931640625,0.09030080428777813,857.938217042663,15.632821594663085,24.52767208608738,0,0,383.27970500699746,0,0,0,0,0.4190589070362096,-0.27031704339384893,1.0435804522135301,0.87890625,21.767612042397765,0,1,1,1,0,0,0,0,0,,
41.20188499999978,2000,,,,-0.01171875,0.09375,-0.916015625,0.09029290184500353,857.938217042663,15.628679436503905,24.579388687794726,0,0,383.915091453822,0,0,0,0,0.4192428127765721,-0.27010480523721303,1.0435804522135301,0.87109375,21.870614301490424,0,1,1,1,0,0,0,0,0,,
41.31258999999985,2000,,,,-0.0546875,0.099609375,-0.908203125,0.09022200970261962,858.3945714636369,15.62748310484266,24.54131571517678,0,0,383.3637327674281,0,0,0,0,0.41933552528586443,-0.26956655003060714,1.0440781600078806,0.87109375,21.967992324168897,0,1,1,1,0,0,0,0,0,,
41.43022999999998,2000,,,,0.037109375,0.171875,-0.90625,0.09022200970261962,858.48099532238,15.625704431329623,24.518224388246153,0,0,382.95610450771744,0,0,0,0,0.41933552528586443,-0.26956655003060714,1.0441724153194045,0.8515625,22.052978746707684,1,1,1,1,0,0,0,0,0,,
41.54255999999959,2000,,,,-0.041015625,0.171875,-0.92578125,0.09011238148368303,855.8579479577488,15.623252908390015,24.51939794292643,0,0,382.9024045249472,0,0,0,0,0.41931857604687184,-0.26887480391359764,1.0413116758188623,0.84765625,22.145110315311573,0,1,1,1,0,0,0,0,0,,
41.669875,2000,,,,-0.0703125,0.1875,-0.84765625,0.0899345153581363,854.3526143892597,15.621529494257732,24.505857012646086,0,0,382.673365667063,0,0,0,0,0.4186811579246784,-0.2682874380089274,1.0396699337523883,0.841796875,22.22492929616959,0,1,1,1,0,0,0,0,0,,
41.86271999999974,2000,,,,-0.009765625,0.044921875,-0.951171875,0.0898014612008476,854.3526143892597,15.618238850822863,24.502622862041182,0,0,382.58531074028497,0,0,0,0,0.41779501704311106,-0.2682070624401436,1.0396699337523883,0.83984375,22.333089100526458,0,1,1,1,0,0,0,0,0,,
42.126534999999684,2000,,,,0.033203125,0.115234375,-0.92578125,0.08934152247262701,851.9739594569728,15.615019536306313,24.47812441676602,0,0,382.0498667426199,0,0,0,0,0.41545204144406267,-0.2672975235643509,1.0370757327422553,0.837890625,22.53075157300808,0,1,1,1,0,0,0,0,0,,
42.23868999999948,2000,,,,0.029296875,0.10546875,-0.9453125,0.08911907357118311,851.9739594569728,15.613267578880915,24.467629779067785,0,0,381.81196162810227,0,0,0,0,0.4145284817626073,-0.26667377112784457,1.0370757327422553,0.826171875,22.603248829802983,0,1,1,1,0,0,0,0,0,,
42.35926499999967,2000,,,,0.001953125,0.044921875,-1.013671875,0.08907717837229998,852.7981949483008,15.610901538318725,24.485559838567497,0,0,382.0108796871348,0,0,0,0,0.41411304248087416,-0.26676811377750903,1.0379746578091775,0.82421875,22.667732887673548,0,1,1,1,0,0,0,0,0,,
42.932109999999405,2000,,,,0.00390625,0.1015625,-0.900390625,0.08893660017464101,851.7684834658604,15.60672056790234,24.412893800277008,0,0,380.8328592830035,0,0,0,0,0.4148597798225045,-0.2652070533016243,1.0368516371761156,0.79296875,22.943407320290838,0,1,1,1,0,0,0,0,0,,
43.044534999999684,2000,,,,-0.013671875,0.025390625,-0.958984375,0.08881128085929405,849.9801977321965,15.603173599967999,24.381955031606992,0,0,380.269385660708,0,0,0,0,0.41468120005344494,-0.26455593496398777,1.0349013027271348,0.76953125,23.00452223430159,0,1,1,1,0,0,0,0,0,,
43.24607999999961,2000,,,,-0.04296875,0.16015625,-0.919921875,0.0888761929490981,849.6124863966223,15.60074493097478,24.39249497292994,0,0,380.37736245697295,0,0,0,0,0.41458940828530294,-0.26505483797294155,1.0345002705701642,0.755859375,23.087405412348375,0,1,1,1,0,0,0,0,0,,
43.35691999999946,2000,,,,-0.03125,0.1015625,-0.96484375,0.08882348252794212,849.5180389539515,15.598579964069405,24.392677036541734,0,0,380.30643159092256,0,0,0,0,0.4145658307553515,-0.26473577098419404,1.0343972646032813,0.748046875,23.135407602044666,0,1,1,1,0,0,0,0,0,,
43.474419999999924,2000,,,,-0.013671875,0.142578125,-0.90234375,0.08882156388206204,849.8709180813784,15.597183146979926,24.380909412317997,0,0,380.06097115603313,0,0,0,0,0.4147429078611974,-0.26456809093992556,1.0347821205049927,0.7421875,23.177379493357428,0,1,1,1,0,0,0,0,0,,
43.58617499999981,2000,,,,-0.1015625,0.05859375,-0.89453125,0.0890775228517549,849.8709180813784,15.594841052627295,24.384352992810456,0,0,380.13245114662004,0,0,0,0,0.4158092016801401,-0.26528264227296283,1.0347821205049927,0.73828125,23.221040505677404,0,1,1,1,0,0,0,0,0,,
43.700994999999644,2000,,,,-0.0390625,0.025390625,-1.03125,0.08911443879472905,849.4243762765672,15.593090476138308,24.384780056859526,0,0,380.08794931133707,0,0,0,0,0.41650486530857805,-0.2649104224441407,1.034295114514597,0.732421875,23.260653368709782,0,1,1,1,0,0,0,0,0,,
43.866354999999515,2000,,,,-0.001953125,0.150390625,-0.919921875,0.08911443879472905,849.4664130783788,15.591200107648211,24.381976396841026,0,0,379.998895447308,0,0,0,0,0.41650486530857805,-0.2649104224441407,1.0343409605565101,0.72265625,23.31225525614806,0,1,1,1,0,0,0,0,0,,
44.1530549999997,2000,,,,0.052734375,0.029296875,-0.98046875,0.08918384671220617,849.3421067531536,15.590279544661795,24.35846012459112,0,0,379.6055348426009,0,0,0,0,0.41684610428303637,-0.2650584945838416,1.0342053899909407,0.72265625,23.354590325100514,0,1,1,1,0,0,0,0,0,,
44.29302000000002,2000,,,,-0.041015625,0.052734375,-0.939453125,0.08852502848172611,845.8872959835821,15.586052025894595,24.35915755757701,0,0,379.53755260785374,0,0,0,0,0.4127548078413179,-0.2644005140453559,1.0304375153544865,0.71484375,23.44079668385089,0,1,1,1,0,0,0,0,0,,
